<?xml version="1.0" encoding="UTF-8"?>
<auxiliary-configuration xmlns="http://www.netbeans.org/ns/auxiliary-configuration/1">
    <connections xmlns="http://jmri.org/xml/schema/auxiliary-configuration/connections-2-9-6.xsd">
        <connection xmlns="" class="jmri.jmrix.loconet.hexfile.configurexml.ConnectionConfigXml" disabled="no" manufacturer="Digitrax" systemPrefix="L" userName="LocoNet">
            <options>
                <option>
                    <name>MaxSlots</name>
                    <value>5</value>
                </option>
                <option>
                    <name>SensorDefaultState</name>
                    <value>Unknown</value>
                </option>
            </options>
        </connection>
    </connections>
</auxiliary-configuration>
