<?xml version="1.0" encoding="UTF-8"?>
<auxiliary-configuration xmlns="http://www.netbeans.org/ns/auxiliary-configuration/1">
    <checkBoxLastValue xmlns="http://jmri.org/xml/schema/auxiliary-configuration/checkbox-4-21-3.xsd">
        <checkBox xmlns="" lastChecked="yes" name="jmri.jmrit.logixng.tools.swing.LogixNGEditor.AutoSystemName"/>
        <checkBox xmlns="" lastChecked="yes" name="jmri.jmrit.beantable.LogixNGTableAction.AutoSystemName"/>
        <checkBox xmlns="" lastChecked="yes" name="jmri.jmrit.logixng.tools.swing.ConditionalNGEditor.AutoSystemName"/>
    </checkBoxLastValue>
    <classPreferences xmlns="http://jmri.org/xml/schema/auxiliary-configuration/class-preferences-4-3-5.xsd">
        <preferences xmlns="" class="jmri.jmrit.beantable.SignalMastTableAction"/>
        <preferences xmlns="" class="jmri.jmrit.beantable.LogixTableAction"/>
        <preferences xmlns="" class="jmri.jmrit.beantable.TurnoutTableAction"/>
        <preferences xmlns="" class="jmri.jmrit.beantable.LRouteTableAction"/>
        <preferences xmlns="" class="jmri.managers.JmriUserPreferencesManager"/>
        <preferences xmlns="" class="jmri.jmrit.beantable.SensorTableAction"/>
        <preferences xmlns="" class="jmri.jmrit.beantable.SignalHeadTableAction"/>
        <preferences xmlns="" class="jmri.jmrit.beantable.BlockTableAction"/>
        <preferences xmlns="" class="jmri.jmrit.beantable.AudioTableAction"/>
        <preferences xmlns="" class="jmri.jmrit.beantable.SignalGroupTableAction"/>
        <preferences xmlns="" class="jmri.jmrit.beantable.LightTableAction"/>
        <preferences xmlns="" class="jmri.jmrit.beantable.TransitTableAction"/>
        <preferences xmlns="" class="jmri.jmrit.beantable.ReporterTableAction"/>
        <preferences xmlns="" class="jmri.jmrit.beantable.RouteTableAction"/>
        <preferences xmlns="" class="jmri.jmrit.beantable.MemoryTableAction"/>
    </classPreferences>
    <comboBoxLastValue xmlns="http://jmri.org/xml/schema/auxiliary-configuration/combobox-4-3-5.xsd">
        <comboBox xmlns="" lastSelected="LocoNet Simulator" name="Digitrax"/>
    </comboBoxLastValue>
    <settings xmlns="http://jmri.org/xml/schema/auxiliary-configuration/settings-4-3-5.xsd"/>
    <tableDetails xmlns="http://jmri.org/xml/schema/auxiliary-configuration/table-details-4-3-5.xsd">
        <table xmlns="" name="jmri.jmrit.beantable.AudioTableAction">
            <columns>
                <column hidden="false" name="Comment" order="3" width="169"/>
                <column hidden="false" name="Description" order="2" width="554"/>
                <column hidden="false" name="User Name" order="1" width="169"/>
                <column hidden="false" name="Column4" order="4" width="74"/>
                <column hidden="false" name="Column5" order="5" width="59"/>
                <column hidden="false" name="System Name" order="0" width="59"/>
            </columns>
            <sortOrder>
                <sortKey column="0" sortOrder="ASCENDING"/>
            </sortOrder>
        </table>
    </tableDetails>
    <windowDetails xmlns="http://jmri.org/xml/schema/auxiliary-configuration/window-details-4-3-5.xsd">
        <window xmlns="" class="jmri.jmrit.beantable.ListedTableAction$1$1:LogixNG" height="556.0" locX="31.0" locY="31.0" width="1723.0"/>
        <window xmlns="" class="apps.gui3.tabbedpreferences.TabbedPreferencesFrame:Preferences" height="494.0" locX="0.0" locY="0.0" width="866.0"/>
        <window xmlns="" class="jmri.jmrit.beantable.AbstractLogixNGTableAction">
            <properties>
                <property>
                    <key>Edit Mode</key>
                    <value class="java.lang.String">TREEEDIT</value>
                </property>
                <property>
                    <key>Selection Mode</key>
                    <value class="java.lang.String">USEMULTI</value>
                </property>
            </properties>
        </window>
        <window xmlns="" class="Add LogixNG" height="194.0" locX="50.0" locY="30.0" width="610.0"/>
        <window xmlns="" class="jmri.jmrit.display.Editor$JFrameItem:LeftTurnout" height="477.0" locX="20.0" locY="20.0" width="399.0"/>
        <window xmlns="" class="jmri.jmrit.logixng.tools.swing.ConditionalNGEditor" height="605.0" locX="62.0" locY="62.0" width="700.0"/>
        <window xmlns="" class="jmri.jmrit.display.panelEditor.PanelEditor:Panel " locX="20.0" locY="20.0"/>
        <window xmlns="" class="Panel " height="380.0" locX="743.0" locY="350.0" width="434.0"/>
        <window xmlns="" class="jmri.jmrit.beantable.AbstractTableAction$1" height="526.0" locX="31.0" locY="31.0" width="774.0"/>
        <window xmlns="" class="jmri.jmrit.roster.Roster"/>
        <window xmlns="" class="PanelPro" height="268.0" locX="618.0" locY="406.0" width="684.0"/>
        <window xmlns="" class="Local JMRI throttles" height="239.0" locX="31.0" locY="31.0" width="336.0"/>
        <window xmlns="" class="jmri.jmrix.loconet.hexfile.HexFileFrame" height="111.0" locX="0.0" locY="0.0" width="170.0"/>
        <window xmlns="" class="jmri.jmrit.display.Editor$JFrameItem:Sensor" height="433.0" locX="0.0" locY="0.0" width="339.0"/>
    </windowDetails>
</auxiliary-configuration>
