<?xml version="1.0" encoding="UTF-8"?>
<?xml-stylesheet href="/xml/XSLT/locomotive.xsl" type="text/xsl"?>
<locomotive-config xmlns:xsi="http://www.w3.org/2001/XMLSchema-instance" xsi:noNamespaceSchemaLocation="http://jmri.org/xml/schema/locomotive-config.xsd">
  <!--Written by JMRI version 4.21.3ish+daniel+2020-11-26T07:58:33Z+RUNKNOWN on Thu Nov 26 11:00:16 CET 2020-->
  <locomotive id="Loco21" fileName="Loco21.xml" roadNumber="" roadName="" mfg="" owner="" model="" dccAddress="21" comment="" maxSpeed="100" imageFilePath="" iconFilePath="" URL="" IsShuntingOn="">
    <dateUpdated>2020-11-26T10:00:16.121+0000</dateUpdated>
    <decoder model="NMRA standard CV definitions" family="NMRA standard CV definitions" comment="" maxFnNum="28" />
    <locoaddress>
      <dcclocoaddress number="21" longaddress="no" />
      <number>21</number>
      <protocol>dcc_short</protocol>
    </locoaddress>
    <functionlabels />
    <soundlabels />
    <values>
      <decoderDef>
        <varValue item="Total PWM Period (Motor Drive Frequency)" value="0" />
        <varValue item="EMF Feedback Cutout" value="0" />
        <varValue item="Packet Time-out Value" value="0" />
        <varValue item="Analog Power Conversion" value="0" />
        <varValue item="Radio Power Conversion" value="0" />
        <varValue item="Zero-1 Power Conversion" value="0" />
        <varValue item="Trix Power Conversion" value="0" />
        <varValue item="CTC/Railcommand Power Conversion" value="0" />
        <varValue item="Speed Table/Mid Range Cab Speed Step" value="0" />
        <varValue item="Primary Address" value="21" />
        <varValue item="Extended Address" value="0" />
        <varValue item="Address Format" value="0" />
        <varValue item="Acceleration Rate" value="0" />
        <varValue item="Deceleration Rate" value="0" />
        <varValue item="Vstart" value="0" />
        <varValue item="Vhigh" value="0" />
        <varValue item="Vmid" value="0" />
        <varValue item="Manufacturer Version No: " value="0" />
        <varValue item="Manufacturer ID: " value="0" />
        <varValue item="Analog Mode Function Status - F1" value="0" />
        <varValue item="Analog Mode Function Status - F2" value="0" />
        <varValue item="Analog Mode Function Status - F3" value="0" />
        <varValue item="Analog Mode Function Status - F4" value="0" />
        <varValue item="Analog Mode Function Status - F5" value="0" />
        <varValue item="Analog Mode Function Status - F6" value="0" />
        <varValue item="Analog Mode Function Status - F7" value="0" />
        <varValue item="Analog Mode Function Status - F8" value="0" />
        <varValue item="Decoder Lock ID number" value="0" />
        <varValue item="Consist Address Active For F1" value="0" />
        <varValue item="Consist Address Active For F2" value="0" />
        <varValue item="Consist Address Active For F3" value="0" />
        <varValue item="Consist Address Active For F4" value="0" />
        <varValue item="Consist Address Active For F5" value="0" />
        <varValue item="Consist Address Active For F6" value="0" />
        <varValue item="Consist Address Active For F7" value="0" />
        <varValue item="Consist Address Active For F8" value="0" />
        <varValue item="Consist Address Active For FL in Forward" value="0" />
        <varValue item="Consist Address Active For FL in Reverse" value="0" />
        <varValue item="Locomotive Direction In Consist" value="0" />
        <varValue item="Advanced Consist Address" value="0" />
        <varValue item="Consist Acceleration Adjustment" value="0" />
        <varValue item="Consist Acceleration Adjustment Sign" value="0" />
        <varValue item="Consist Deceleration Adjustment" value="0" />
        <varValue item="Consist Deceleration Adjustment Sign" value="0" />
        <varValue item="Locomotive Direction" value="0" />
        <varValue item="Speed Steps" value="0" />
        <varValue item="Power Source Conversion" value="0" />
        <varValue item="Advanced Decoder Acknowledgement" value="0" />
        <varValue item="Use Speed Table" value="0" />
        <varValue item="FL(f) controls output 1" value="0" />
        <varValue item="FL(f) controls output 2" value="0" />
        <varValue item="FL(f) controls output 3" value="0" />
        <varValue item="FL(f) controls output 4" value="0" />
        <varValue item="FL(f) controls output 5" value="0" />
        <varValue item="FL(f) controls output 6" value="0" />
        <varValue item="FL(f) controls output 7" value="0" />
        <varValue item="FL(f) controls output 8" value="0" />
        <varValue item="FL(r) controls output 1" value="0" />
        <varValue item="FL(r) controls output 2" value="0" />
        <varValue item="FL(r) controls output 3" value="0" />
        <varValue item="FL(r) controls output 4" value="0" />
        <varValue item="FL(r) controls output 5" value="0" />
        <varValue item="FL(r) controls output 6" value="0" />
        <varValue item="FL(r) controls output 7" value="0" />
        <varValue item="FL(r) controls output 8" value="0" />
        <varValue item="F1 controls output 1" value="0" />
        <varValue item="F1 controls output 2" value="0" />
        <varValue item="F1 controls output 3" value="0" />
        <varValue item="F1 controls output 4" value="0" />
        <varValue item="F1 controls output 5" value="0" />
        <varValue item="F1 controls output 6" value="0" />
        <varValue item="F1 controls output 7" value="0" />
        <varValue item="F1 controls output 8" value="0" />
        <varValue item="F2 controls output 1" value="0" />
        <varValue item="F2 controls output 2" value="0" />
        <varValue item="F2 controls output 3" value="0" />
        <varValue item="F2 controls output 4" value="0" />
        <varValue item="F2 controls output 5" value="0" />
        <varValue item="F2 controls output 6" value="0" />
        <varValue item="F2 controls output 7" value="0" />
        <varValue item="F2 controls output 8" value="0" />
        <varValue item="F3 controls output 1" value="0" />
        <varValue item="F3 controls output 2" value="0" />
        <varValue item="F3 controls output 3" value="0" />
        <varValue item="F3 controls output 4" value="0" />
        <varValue item="F3 controls output 5" value="0" />
        <varValue item="F3 controls output 6" value="0" />
        <varValue item="F3 controls output 7" value="0" />
        <varValue item="F3 controls output 8" value="0" />
        <varValue item="F4 controls output 4" value="0" />
        <varValue item="F4 controls output 5" value="0" />
        <varValue item="F4 controls output 6" value="0" />
        <varValue item="F4 controls output 7" value="0" />
        <varValue item="F4 controls output 8" value="0" />
        <varValue item="F4 controls output 9" value="0" />
        <varValue item="F4 controls output 10" value="0" />
        <varValue item="F4 controls output 11" value="0" />
        <varValue item="F5 controls output 4" value="0" />
        <varValue item="F5 controls output 5" value="0" />
        <varValue item="F5 controls output 6" value="0" />
        <varValue item="F5 controls output 7" value="0" />
        <varValue item="F5 controls output 8" value="0" />
        <varValue item="F5 controls output 9" value="0" />
        <varValue item="F5 controls output 10" value="0" />
        <varValue item="F5 controls output 11" value="0" />
        <varValue item="F6 controls output 4" value="0" />
        <varValue item="F6 controls output 5" value="0" />
        <varValue item="F6 controls output 6" value="0" />
        <varValue item="F6 controls output 7" value="0" />
        <varValue item="F6 controls output 8" value="0" />
        <varValue item="F6 controls output 9" value="0" />
        <varValue item="F6 controls output 10" value="0" />
        <varValue item="F6 controls output 11" value="0" />
        <varValue item="F7 controls output 4" value="0" />
        <varValue item="F7 controls output 5" value="0" />
        <varValue item="F7 controls output 6" value="0" />
        <varValue item="F7 controls output 7" value="0" />
        <varValue item="F7 controls output 8" value="0" />
        <varValue item="F7 controls output 9" value="0" />
        <varValue item="F7 controls output 10" value="0" />
        <varValue item="F7 controls output 11" value="0" />
        <varValue item="F8 controls output 4" value="0" />
        <varValue item="F8 controls output 5" value="0" />
        <varValue item="F8 controls output 6" value="0" />
        <varValue item="F8 controls output 7" value="0" />
        <varValue item="F8 controls output 8" value="0" />
        <varValue item="F8 controls output 9" value="0" />
        <varValue item="F8 controls output 10" value="0" />
        <varValue item="F8 controls output 11" value="0" />
        <varValue item="F9 controls output 7" value="0" />
        <varValue item="F9 controls output 8" value="0" />
        <varValue item="F9 controls output 9" value="0" />
        <varValue item="F9 controls output 10" value="0" />
        <varValue item="F9 controls output 11" value="0" />
        <varValue item="F9 controls output 12" value="0" />
        <varValue item="F9 controls output 13" value="0" />
        <varValue item="F9 controls output 14" value="0" />
        <varValue item="F10 controls output 7" value="0" />
        <varValue item="F10 controls output 8" value="0" />
        <varValue item="F10 controls output 9" value="0" />
        <varValue item="F10 controls output 10" value="0" />
        <varValue item="F10 controls output 11" value="0" />
        <varValue item="F10 controls output 12" value="0" />
        <varValue item="F10 controls output 13" value="0" />
        <varValue item="F10 controls output 14" value="0" />
        <varValue item="F11 controls output 7" value="0" />
        <varValue item="F11 controls output 8" value="0" />
        <varValue item="F11 controls output 9" value="0" />
        <varValue item="F11 controls output 10" value="0" />
        <varValue item="F11 controls output 11" value="0" />
        <varValue item="F11 controls output 12" value="0" />
        <varValue item="F11 controls output 13" value="0" />
        <varValue item="F11 controls output 14" value="0" />
        <varValue item="F12 controls output 7" value="0" />
        <varValue item="F12 controls output 8" value="0" />
        <varValue item="F12 controls output 9" value="0" />
        <varValue item="F12 controls output 10" value="0" />
        <varValue item="F12 controls output 11" value="0" />
        <varValue item="F12 controls output 12" value="0" />
        <varValue item="F12 controls output 13" value="0" />
        <varValue item="F12 controls output 14" value="0" />
        <varValue item="Kick Start" value="0" />
        <varValue item="Forward Trim" value="0" />
        <varValue item="Speed Table" value="0,9,18,28,37,47,56,66,75,85,94,103,113,122,132,141,151,160,170,179,188,198,207,217,226,236,245,255" />
        <varValue item="Reverse Trim" value="0" />
        <varValue item="User ID #1 (0-255)" value="0" />
        <varValue item="User ID #2 (0-255)" value="0" />
      </decoderDef>
      <CVvalue name="9" value="0" />
      <CVvalue name="10" value="0" />
      <CVvalue name="11" value="0" />
      <CVvalue name="12" value="0" />
      <CVvalue name="25" value="0" />
      <CVvalue name="1" value="21" />
      <CVvalue name="17" value="0" />
      <CVvalue name="18" value="0" />
      <CVvalue name="29" value="0" />
      <CVvalue name="3" value="0" />
      <CVvalue name="4" value="0" />
      <CVvalue name="2" value="0" />
      <CVvalue name="5" value="0" />
      <CVvalue name="6" value="0" />
      <CVvalue name="7" value="0" />
      <CVvalue name="8" value="0" />
      <CVvalue name="13" value="0" />
      <CVvalue name="16" value="0" />
      <CVvalue name="21" value="0" />
      <CVvalue name="22" value="0" />
      <CVvalue name="19" value="0" />
      <CVvalue name="23" value="0" />
      <CVvalue name="24" value="0" />
      <CVvalue name="33" value="0" />
      <CVvalue name="34" value="0" />
      <CVvalue name="35" value="0" />
      <CVvalue name="36" value="0" />
      <CVvalue name="37" value="0" />
      <CVvalue name="38" value="0" />
      <CVvalue name="39" value="0" />
      <CVvalue name="40" value="0" />
      <CVvalue name="41" value="0" />
      <CVvalue name="42" value="0" />
      <CVvalue name="43" value="0" />
      <CVvalue name="44" value="0" />
      <CVvalue name="45" value="0" />
      <CVvalue name="46" value="0" />
      <CVvalue name="65" value="0" />
      <CVvalue name="66" value="0" />
      <CVvalue name="67" value="0" />
      <CVvalue name="68" value="9" />
      <CVvalue name="69" value="18" />
      <CVvalue name="70" value="28" />
      <CVvalue name="71" value="37" />
      <CVvalue name="72" value="47" />
      <CVvalue name="73" value="56" />
      <CVvalue name="74" value="66" />
      <CVvalue name="75" value="75" />
      <CVvalue name="76" value="85" />
      <CVvalue name="77" value="94" />
      <CVvalue name="78" value="103" />
      <CVvalue name="79" value="113" />
      <CVvalue name="80" value="122" />
      <CVvalue name="81" value="132" />
      <CVvalue name="82" value="141" />
      <CVvalue name="83" value="151" />
      <CVvalue name="84" value="160" />
      <CVvalue name="85" value="170" />
      <CVvalue name="86" value="179" />
      <CVvalue name="87" value="188" />
      <CVvalue name="88" value="198" />
      <CVvalue name="89" value="207" />
      <CVvalue name="90" value="217" />
      <CVvalue name="91" value="226" />
      <CVvalue name="92" value="236" />
      <CVvalue name="93" value="245" />
      <CVvalue name="94" value="255" />
      <CVvalue name="95" value="0" />
      <CVvalue name="105" value="0" />
      <CVvalue name="106" value="0" />
    </values>
  </locomotive>
</locomotive-config>
