<?xml version="1.0" encoding="UTF-8"?>
<auxiliary-configuration xmlns="http://www.netbeans.org/ns/auxiliary-configuration/1">
    <connections xmlns="http://jmri.org/xml/schema/auxiliary-configuration/connections-2-9-6.xsd">
        <connection xmlns="" class="jmri.jmrix.loconet.hexfile.configurexml.ConnectionConfigXml" disabled="no" manufacturer="Digitrax" systemPrefix="L" userName="LocoNet">
            <options>
                <option>
                    <name>MaxSlots</name>
                    <value>5</value>
                </option>
                <option>
                    <name>SensorDefaultState</name>
                    <value>Unknown</value>
                </option>
            </options>
        </connection>
    </connections>
    <startup xmlns="http://jmri.org/xml/schema/auxiliary-configuration/startup-4-3-5.xsd">
        <perform xmlns="" class="apps.configurexml.PerformActionModelXml" name="apps.SystemConsoleAction" type="Action">
            <property name="systemPrefix" value=""/>
        </perform>
        <perform xmlns="" class="apps.configurexml.CreateButtonModelXml" name="jmri.configurexml.LoadXmlConfigAction" type="Button">
            <property name="systemPrefix" value=""/>
        </perform>
    </startup>
</auxiliary-configuration>
