<?xml version="1.0" encoding="UTF-8"?>
<auxiliary-configuration xmlns="http://www.netbeans.org/ns/auxiliary-configuration/1">
    <connections xmlns="http://jmri.org/xml/schema/auxiliary-configuration/connections-2-9-6.xsd">
        <connection xmlns="" class="jmri.jmrix.loconet.hexfile.configurexml.ConnectionConfigXml" disabled="no" manufacturer="Digitrax" systemPrefix="L" userName="LocoNet">
            <options>
                <option>
                    <name>MaxSlots</name>
                    <value>5</value>
                </option>
                <option>
                    <name>SensorDefaultState</name>
                    <value>Unknown</value>
                </option>
            </options>
        </connection>
        <connection xmlns="" class="jmri.jmrix.loconet.locobufferusb.configurexml.ConnectionConfigXml" disabled="yes" manufacturer="Digitrax" port="COM3" reconnectMaxAttempts="100" reconnectMaxInterval="120" speed="57600" systemPrefix="L2" turnoutInterval="250" userName="LocoNet2">
            <options>
                <option>
                    <name>CommandStation</name>
                    <value>DCS51 (Zephyr Xtra)</value>
                </option>
                <option>
                    <name>PacketizerType</name>
                    <value>Normal (recommended)</value>
                </option>
                <option>
                    <name>TranspondingPresent</name>
                    <value>No</value>
                </option>
                <option>
                    <name>TurnoutHandle</name>
                    <value>Normal</value>
                </option>
            </options>
        </connection>
    </connections>
</auxiliary-configuration>
