<?xml version="1.0" encoding="UTF-8"?>
<auxiliary-configuration xmlns="http://www.netbeans.org/ns/auxiliary-configuration/1">
    <checkBoxLastValue xmlns="http://jmri.org/xml/schema/auxiliary-configuration/checkbox-4-21-3.xsd">
        <checkBox xmlns="" lastChecked="yes" name="jmri.jmrit.beantable.LogixNGModuleTableAction.AutoSystemName"/>
        <checkBox xmlns="" lastChecked="yes" name="jmri.jmrit.logixng.tools.swing.LogixNGEditor.AutoSystemName"/>
        <checkBox xmlns="" lastChecked="yes" name="jmri.jmrit.beantable.LogixNGTableAction.AutoSystemName"/>
        <checkBox xmlns="" lastChecked="yes" name="jmri.jmrit.beantable.LogixNGTableTableAction.AutoSystemName"/>
        <checkBox xmlns="" lastChecked="yes" name="jmri.jmrit.logixng.tools.swing.ConditionalNGEditor.AutoSystemName"/>
        <checkBox xmlns="" lastChecked="yes" name="jmri.jmrit.logixng.tools.swing.ModuleEditor.AutoSystemName"/>
    </checkBoxLastValue>
    <classPreferences xmlns="http://jmri.org/xml/schema/auxiliary-configuration/class-preferences-4-3-5.xsd">
        <preferences xmlns="" class="jmri.managers.JmriUserPreferencesManager"/>
    </classPreferences>
    <comboBoxLastValue xmlns="http://jmri.org/xml/schema/auxiliary-configuration/combobox-4-3-5.xsd">
        <comboBox xmlns="" lastSelected="Internal" name="jmri.jmrit.beantable.SensorTableAction.SystemSelected"/>
        <comboBox xmlns="" lastSelected="LocoNet LocoBuffer-USB" name="Digitrax"/>
        <comboBox xmlns="" lastSelected="SRCP Network Connection" name="SRCP"/>
        <comboBox xmlns="" lastSelected="python" name="jmri.jmrit.jython.InputWindow.language"/>
        <comboBox xmlns="" lastSelected="Internal" name="jmri.jmrit.beantable.TurnoutTableAction.SystemSelected"/>
    </comboBoxLastValue>
    <settings xmlns="http://jmri.org/xml/schema/auxiliary-configuration/settings-4-3-5.xsd">
        <setting xmlns="">jmri.jmrit.beantable.LogixTableAction.AutoSystemName</setting>
        <setting xmlns="">jmri.jmrit.roster.swing.RosterFrame.hideGroups</setting>
        <setting xmlns="">jmri.jmrit.display.layoutEditor.LayoutEditor:My Layout.toolBarThin</setting>
        <setting xmlns="">jmri.jmrit.display.layoutEditor.LayoutEditor:Monashee Pacific Signal Panel.toolBarThin</setting>
        <setting xmlns="">jmri.jmrit.display.layoutEditor.LayoutEditor:Monashee Pacific Signal Panel.antialiasingOn</setting>
    </settings>
    <tableDetails xmlns="http://jmri.org/xml/schema/auxiliary-configuration/table-details-4-3-5.xsd">
        <table xmlns="" name="jmri.jmrit.beantable.SensorTableAction:Internal">
            <columns/>
        </table>
        <table xmlns="" name="jmri.jmrit.beantable.ReporterTableAction:Internal">
            <columns/>
        </table>
        <table xmlns="" name="jmri.jmrit.beantable.BlockTableAction:Blocks">
            <columns/>
        </table>
        <table xmlns="" name="jmri.jmrit.beantable.TransitTableAction:Transits">
            <columns/>
        </table>
        <table xmlns="" name="jmri.jmrit.beantable.LRouteTableAction:LRoutes">
            <columns/>
        </table>
        <table xmlns="" name="jmri.jmrit.beantable.AbstractLogixNGTableAction:LogixNG Module">
            <columns>
                <column hidden="false" name="Comment" order="3" width="169"/>
                <column hidden="false" name="User Name" order="1" width="191"/>
                <column hidden="false" name="Enabled" order="2" width="108"/>
                <column hidden="false" name="Menu" order="4" width="136"/>
                <column hidden="false" name="System Name" order="0" width="136"/>
            </columns>
            <sortOrder>
                <sortKey column="1" sortOrder="DESCENDING"/>
            </sortOrder>
        </table>
        <table xmlns="" name="jmri.jmrit.beantable.LightTableAction:All">
            <columns/>
        </table>
        <table xmlns="" name="jmri.jmrit.beantable.ReporterTableAction:All">
            <columns/>
        </table>
        <table xmlns="" name="jmri.jmrit.beantable.LogixTableAction:Logix">
            <columns/>
        </table>
        <table xmlns="" name="jmri.jmrit.beantable.SensorTableAction:LocoNet">
            <columns/>
        </table>
        <table xmlns="" name="jmri.jmrit.beantable.AbstractLogixNGTableAction">
            <columns>
                <column hidden="false" name="Comment" order="3" width="169"/>
                <column hidden="false" name="User Name" order="1" width="191"/>
                <column hidden="false" name="Enabled" order="2" width="108"/>
                <column hidden="false" name="Menu" order="4" width="136"/>
                <column hidden="false" name="System Name" order="0" width="136"/>
            </columns>
            <sortOrder>
                <sortKey column="4" sortOrder="ASCENDING"/>
                <sortKey column="0" sortOrder="ASCENDING"/>
                <sortKey column="3" sortOrder="ASCENDING"/>
            </sortOrder>
        </table>
        <table xmlns="" name="jmri.jmrit.beantable.SignalGroupTableAction:Signal Groups">
            <columns/>
        </table>
        <table xmlns="" name="jmri.jmrit.beantable.SignalMastLogicTableAction:Signal Mast Logic">
            <columns/>
        </table>
        <table xmlns="" name="jmri.jmrit.beantable.TurnoutTableAction:All">
            <columns/>
        </table>
        <table xmlns="" name="jmri.jmrit.beantable.AudioTableAction">
            <columns>
                <column hidden="false" name="Comment" order="3" width="169"/>
                <column hidden="false" name="Description" order="2" width="554"/>
                <column hidden="false" name="User Name" order="1" width="169"/>
                <column hidden="false" name="Column4" order="4" width="74"/>
                <column hidden="false" name="Column5" order="5" width="59"/>
                <column hidden="false" name="System Name" order="0" width="59"/>
            </columns>
            <sortOrder>
                <sortKey column="0" sortOrder="ASCENDING"/>
            </sortOrder>
        </table>
        <table xmlns="" name="jmri.jmrit.beantable.TurnoutTableAction:Internal">
            <columns/>
        </table>
        <table xmlns="" name="jmri.jmrit.beantable.AbstractLogixNGTableAction:LogixNG Table">
            <columns/>
        </table>
        <table xmlns="" name="jmri.jmrit.beantable.MemoryTableAction:Memory Variables">
            <columns>
                <column hidden="false" name="Comment" order="3" width="169"/>
                <column hidden="false" name="User Name" order="1" width="169"/>
                <column hidden="false" name="Value" order="2" width="246"/>
                <column hidden="false" name="Column4" order="4" width="74"/>
                <column hidden="false" name="System Name" order="0" width="152"/>
            </columns>
            <sortOrder>
                <sortKey column="0" sortOrder="ASCENDING"/>
                <sortKey column="1" sortOrder="ASCENDING"/>
            </sortOrder>
        </table>
        <table xmlns="" name="jmri.jmrit.beantable.LightTableAction:LocoNet">
            <columns/>
        </table>
        <table xmlns="" name="jmri.jmrit.beantable.LightTableAction:Internal">
            <columns/>
        </table>
        <table xmlns="" name="jmri.jmrit.beantable.RailComTableAction:RailCom IDs">
            <columns/>
        </table>
        <table xmlns="" name="jmri.jmrit.beantable.SignalMastTableAction:Signal Masts">
            <columns/>
        </table>
        <table xmlns="" name="jmri.jmrit.beantable.IdTagTableAction:Internal">
            <columns/>
        </table>
        <table xmlns="" name="jmri.jmrit.beantable.IdTagTableAction:LocoNet">
            <columns/>
        </table>
        <table xmlns="" name="jmri.jmrit.beantable.TurnoutTableAction:LocoNet">
            <columns/>
        </table>
        <table xmlns="" name="jmri.jmrit.beantable.IdTagTableAction:All">
            <columns/>
        </table>
        <table xmlns="" name="jmri.jmrit.beantable.ReporterTableAction:LocoNet">
            <columns/>
        </table>
        <table xmlns="" name="jmri.jmrit.beantable.RouteTableDataModel:Routes">
            <columns/>
        </table>
        <table xmlns="" name="jmri.jmrit.beantable.AbstractLogixNGTableAction:LogixNG">
            <columns/>
        </table>
        <table xmlns="" name="jmri.jmrit.beantable.SectionTableAction:Sections">
            <columns/>
        </table>
        <table xmlns="" name="jmri.jmrit.roster.swing.RosterFrame:Roster:roster">
            <columns>
                <column hidden="false" name="Owner" order="8" width="58"/>
                <column hidden="false" name="Manufacturer" order="6" width="97"/>
                <column hidden="false" name="Model" order="7" width="54"/>
                <column hidden="false" name="ID" order="0" width="47"/>
                <column hidden="false" name="Icon" order="2" width="44"/>
                <column hidden="false" name="Road Number" order="5" width="97"/>
                <column hidden="false" name="Date Modified" order="9" width="97"/>
                <column hidden="false" name="Decoder Model" order="3" width="174"/>
                <column hidden="true" name="Protocol" order="10" width="68"/>
                <column hidden="false" name="Road Name" order="4" width="85"/>
                <column hidden="false" name="DCC Address" order="1" width="95"/>
            </columns>
            <sortOrder>
                <sortKey column="1" sortOrder="ASCENDING"/>
            </sortOrder>
        </table>
        <table xmlns="" name="jmri.jmrit.beantable.SensorTableAction:All">
            <columns>
                <column hidden="false" name="Comment" order="3" width="169"/>
                <column hidden="false" name="Turnout State" order="2" width="108"/>
                <column hidden="false" name="User Name" order="1" width="169"/>
                <column hidden="true" name="ForgetState" order="11" width="75"/>
                <column hidden="true" name="Delay to Active" order="8" width="75"/>
                <column hidden="false" name="Column4" order="4" width="74"/>
                <column hidden="true" name="QueryState" order="12" width="75"/>
                <column hidden="true" name="Pull-Up/Down" order="10" width="75"/>
                <column hidden="true" name="Delay to Inactive" order="9" width="75"/>
                <column hidden="true" name="Use Global Delays" order="7" width="75"/>
                <column hidden="false" name="Column6" order="6" width="81"/>
                <column hidden="false" name="Inverted" order="5" width="48"/>
                <column hidden="false" name="System Name" order="0" width="59"/>
            </columns>
            <sortOrder>
                <sortKey column="0" sortOrder="ASCENDING"/>
                <sortKey column="1" sortOrder="ASCENDING"/>
            </sortOrder>
        </table>
        <table xmlns="" name="jmri.jmrit.beantable.SignalHeadTableAction:Signal Heads">
            <columns/>
        </table>
    </tableDetails>
    <windowDetails xmlns="http://jmri.org/xml/schema/auxiliary-configuration/window-details-4-3-5.xsd">
        <window xmlns="" class="jmri.jmrit.catalog.ImageIndexEditor:Create/Edit Image Index" height="522.0" locX="10.0" locY="200.0" width="873.0"/>
        <window xmlns="" class="Test Hold" height="528.0" locX="1182.0" locY="197.0" width="702.0"/>
        <window xmlns="" class="jmri.jmrit.display.layoutEditor.LayoutEditor:Monashee Pacific Signal Panel" height="663.0" locX="0.0" locY="1.0" width="1222.0"/>
        <window xmlns="" class="jmri.jmrix.loconet.ds64.Ds64TabbedPanel" height="681.0" locX="62.0" locY="62.0" width="631.0"/>
        <window xmlns="" class="jmri.jmrix.loconet.locomon.LocoMonPane.FilterField">
            <properties>
                <property>
                    <key>jmri.jmrix.loconet.locomon.LocoMonPane.FilterField</key>
                    <value class="java.lang.String"/>
                </property>
            </properties>
        </window>
        <window xmlns="" class="jmri.jmrit.display.Editor$JFrameItem:SignalHead" height="477.0" locX="0.0" locY="0.0" width="365.0"/>
        <window xmlns="" class="jmri.jmrit.display.panelEditor.PanelEditor:Test Hold" locX="31.0" locY="31.0"/>
        <window xmlns="" class="jmri.jmrit.beantable.ListedTableAction$1$1:Lights" height="988.0" locX="31.0" locY="31.0" width="1518.0"/>
        <window xmlns="" class="jmri.jmrit.beantable.signalmast.AddSignalMastJFrame:Add/Edit Signal Mast" locX="31.0" locY="31.0"/>
        <window xmlns="" class="jmri.jmrit.beantable.AbstractLogixNGTableAction">
            <properties>
                <property>
                    <key>Edit Mode</key>
                    <value class="java.lang.String">TREEEDIT</value>
                </property>
                <property>
                    <key>Selection Mode</key>
                    <value class="java.lang.String">USEMULTI</value>
                </property>
            </properties>
        </window>
        <window xmlns="" class="jmri.jmrit.display.Editor$JFrameItem:SignalMast" height="325.0" locX="50.0" locY="649.0" width="364.0"/>
        <window xmlns="" class="jmri.jmrit.display.layoutEditor.LayoutEditor:My Layout" height="526.0" locX="0.0" locY="0.0" width="873.0"/>
        <window xmlns="" class="jmri.jmrit.simpleclock.SimpleClockFrame" height="574.0" locX="31.0" locY="31.0" width="379.0"/>
        <window xmlns="" class="Chapter 10 - Tables" height="527.0" locX="937.0" locY="373.0" width="702.0"/>
        <window xmlns="" class="jmri.jmrix.loconet.slotmon.SlotMonPane" height="924.0" locX="984.0" locY="50.0" width="564.0"/>
        <window xmlns="" class="jmri.util.usb.UsbBrowserFrame:USB Devices" height="553.0" locX="31.0" locY="31.0" width="853.0"/>
        <window xmlns="" class="jmri.jmrit.roster.Roster"/>
        <window xmlns="" class="Local JMRI throttles" height="239.0" locX="31.0" locY="31.0" width="336.0"/>
        <window xmlns="" class="jmri.jmrit.audio.swing.AudioBufferFrame:Add/Edit Audio Buffer" height="327.0" locX="31.0" locY="31.0" width="615.0"/>
        <window xmlns="" class="jmri.jmrit.beantable.ListedTableAction$1$1:Memory Variables" height="556.0" locX="31.0" locY="31.0" width="1723.0"/>
        <window xmlns="" class="Script Entry" height="617.0" locX="64.0" locY="67.0" width="576.0"/>
        <window xmlns="" class="jmri.jmrit.display.panelEditor.PanelEditor:Chapter 10 - Tables" locX="31.0" locY="31.0"/>
        <window xmlns="" class="Chapter 11 - Module" height="528.0" locX="609.0" locY="276.0" width="702.0"/>
        <window xmlns="" class="Conditional Browser" locX="31.0" locY="0.0"/>
        <window xmlns="" class="Add New Light" locX="100.0" locY="30.0"/>
        <window xmlns="" class="Daniel" height="528.0" locX="1229.0" locY="32.0" width="702.0"/>
        <window xmlns="" class="jmri.jmrit.throttle.ThrottleWindow:3" height="512.0" locX="-18.0" locY="518.0" width="571.0"/>
        <window xmlns="" class="Script Output" height="709.0" locX="688.0" locY="144.0" width="1026.0"/>
        <window xmlns="" class="jmri.jmrit.throttle.ThrottleWindow:2" height="514.0" locX="463.0" locY="32.0" width="571.0"/>
        <window xmlns="" class="jmri.jmrit.logixng.tools.swing.ClipboardEditor" height="599.0" locX="771.0" locY="127.0" width="700.0"/>
        <window xmlns="" class="jmri.jmrit.throttle.ThrottleWindow:1" height="512.0" locX="396.0" locY="362.0" width="571.0"/>
        <window xmlns="" class="jmri.jmrit.throttle.ThrottleWindow" height="513.0" locX="1246.0" locY="0.0" width="460.0"/>
        <window xmlns="" class="jmri.jmrit.logixng.tools.swing.ConditionalNGEditor" height="695.0" locX="223.0" locY="129.0" width="700.0"/>
        <window xmlns="" class="jmri.jmrit.throttle.ThrottleWindow:7" height="512.0" locX="385.0" locY="498.0" width="571.0"/>
        <window xmlns="" class="Create New Loco" height="576.0" locX="62.0" locY="62.0" width="660.0"/>
        <window xmlns="" class="jmri.jmrit.beantable.ListedTableAction$1$1:LogixNG Table" height="556.0" locX="31.0" locY="31.0" width="1723.0"/>
        <window xmlns="" class="jmri.jmrix.loconet.slotmon.SlotMonPane:1" height="536.0" locX="62.0" locY="62.0" width="564.0"/>
        <window xmlns="" class="jmri.jmrit.throttle.ThrottleWindow:6" height="512.0" locX="226.0" locY="211.0" width="571.0"/>
        <window xmlns="" class="jmri.jmrit.throttle.ThrottleWindow:5" height="512.0" locX="249.0" locY="241.0" width="571.0"/>
        <window xmlns="" class="Panel " height="528.0" locX="896.0" locY="200.0" width="702.0"/>
        <window xmlns="" class="jmri.jmrit.display.panelEditor.PanelEditor:Panel " locX="20.0" locY="20.0"/>
        <window xmlns="" class="jmri.jmrit.throttle.ThrottleWindow:4" height="507.0" locX="412.0" locY="528.0" width="571.0"/>
        <window xmlns="" class="jmri.jmrit.display.panelEditor.PanelEditor:Daniel" locX="31.0" locY="31.0"/>
        <window xmlns="" class="jmri.jmrit.display.panelEditor.PanelEditor:If then else" locX="31.0" locY="31.0"/>
        <window xmlns="" class="Add New Memory" locX="62.0" locY="62.0"/>
        <window xmlns="" class="jmri.jmrit.beantable.ListedTableAction$1$1:Signal Masts" height="556.0" locX="62.0" locY="62.0" width="1723.0"/>
        <window xmlns="" class="Add Logix" height="194.0" locX="685.0" locY="417.0" width="594.0"/>
        <window xmlns="" class="jmri.jmrit.logixng.tools.swing.ImportLogixFrame" height="574.0" locX="622.0" locY="233.0" width="676.0"/>
        <window xmlns="" class="jmri.jmrit.throttle.ThrottleWindow:9" height="512.0" locX="186.0" locY="186.0" width="571.0"/>
        <window xmlns="" class="jmri.jmrit.throttle.ThrottleWindow:8" height="512.0" locX="281.0" locY="441.0" width="571.0"/>
        <window xmlns="" class="PanelPro" height="270.0" locX="556.0" locY="481.0" width="684.0"/>
        <window xmlns="" class="jmri.jmrit.beantable.ListedTableAction$1$1:LogixNG Module" height="728.0" locX="31.0" locY="31.0" width="1723.0"/>
        <window xmlns="" class="jmri.jmrit.beantable.LogixTableAction">
            <properties>
                <property>
                    <key>Edit Mode</key>
                    <value class="java.lang.String">LISTEDIT</value>
                </property>
                <property>
                    <key>Selection Mode</key>
                    <value class="java.lang.String">USEMULTI</value>
                </property>
            </properties>
        </window>
        <window xmlns="" class="Memory Usage Monitor" height="192.0" locX="62.0" locY="62.0" width="523.0"/>
        <window xmlns="" class="jmri.jmrit.display.Editor$JFrameItem:Icon" height="221.0" locX="40.0" locY="40.0" width="278.0"/>
        <window xmlns="" class="apps.gui3.tabbedpreferences.TabbedPreferencesFrame:Preferences" height="494.0" locX="280.0" locY="350.0" width="866.0"/>
        <window xmlns="" class="Edit Action" height="222.0" locX="984.0" locY="119.0" width="865.0"/>
        <window xmlns="" class="jmri.jmrit.beantable.ListedTableAction$1$1:Sensors" height="556.0" locX="62.0" locY="62.0" width="1723.0"/>
        <window xmlns="" class="jmri.jmrit.logixng.tools.swing.ConditionalNGEditor:1" height="605.0" locX="510.0" locY="38.0" width="700.0"/>
        <window xmlns="" class="Add New Sensor" height="187.0" locX="677.0" locY="185.0" width="781.0"/>
        <window xmlns="" class="jmri.jmrix.loconet.locomon.LocoMonPane" height="870.0" locX="971.0" locY="10.0" width="903.0"/>
        <window xmlns="" class="jmri.jmrit.display.Editor$JFrameItem:LeftTurnout" height="477.0" locX="20.0" locY="20.0" width="399.0"/>
        <window xmlns="" class="jmri.jmrit.display.Editor$JFrameItem:RightTurnout" height="477.0" locX="20.0" locY="20.0" width="406.0"/>
        <window xmlns="" class="Add New Signal Head" locX="248.0" locY="118.0"/>
        <window xmlns="" class="jmri.jmrit.powerpanel.PowerPane" height="140.0" locX="1154.0" locY="259.0" width="189.0"/>
        <window xmlns="" class="jmri.jmrit.beantable.ListedTableAction$1$1:Signal Heads" height="556.0" locX="62.0" locY="62.0" width="1723.0"/>
        <window xmlns="" class="jmri.jmrit.audio.swing.AudioSourceFrame:Add/Edit Audio Source" height="741.0" locX="31.0" locY="31.0" width="441.0"/>
        <window xmlns="" class="jmri.jmrit.beantable.ListedTableAction$1$1:Logix" height="556.0" locX="121.0" locY="236.0" width="1723.0"/>
        <window xmlns="" class="jmri.jmrit.picker.PickFrame" height="432.0" locX="62.0" locY="62.0" width="366.0"/>
        <window xmlns="" class="Add New Turnout" locX="62.0" locY="62.0"/>
        <window xmlns="" class="If then else" height="528.0" locX="896.0" locY="200.0" width="702.0"/>
        <window xmlns="" class="Add New Light Controller" locX="120.0" locY="40.0"/>
        <window xmlns="" class="jmri.jmrit.beantable.ListedTableAction$1$1:Audio" height="556.0" locX="121.0" locY="236.0" width="1723.0"/>
        <window xmlns="" class="jmri.jmrix.loconet.hexfile.HexFileFrame" height="111.0" locX="0.0" locY="0.0" width="170.0"/>
        <window xmlns="" class="jmri.jmrit.display.Editor$JFrameItem:Sensor" height="433.0" locX="0.0" locY="0.0" width="339.0"/>
        <window xmlns="" class="jmri.jmrit.display.panelEditor.PanelEditor:Chapter 7 - Sequence" locX="31.0" locY="31.0"/>
        <window xmlns="" class="Panel :1" height="528.0" locX="945.0" locY="61.0" width="702.0"/>
        <window xmlns="" class="jmri.jmrit.beantable.ListedTableAction$1$1:LogixNG" height="556.0" locX="31.0" locY="31.0" width="1723.0"/>
        <window xmlns="" class="Hold expression" height="528.0" locX="1182.0" locY="197.0" width="702.0"/>
        <window xmlns="" class="Edit Variable" height="222.0" locX="876.0" locY="327.0" width="943.0"/>
        <window xmlns="" class="jmri.jmrit.display.Editor$JFrameItem:Turnout" height="477.0" locX="296.0" locY="195.0" width="346.0"/>
        <window xmlns="" class="jmri.jmrit.display.Editor$JFrameItem:Memory" height="411.0" locX="0.0" locY="0.0" width="344.0"/>
        <window xmlns="" class="jmri.jmrit.logixng.tools.swing.ModuleEditor" height="680.0" locX="386.0" locY="161.0" width="1086.0"/>
        <window xmlns="" class="jmri.jmrit.logixng.tools.swing.ConditionalNGDebugger" height="678.0" locX="18.0" locY="79.0" width="980.0"/>
        <window xmlns="" class="Chapter 7 - Sequence" height="580.0" locX="1217.0" locY="457.0" width="702.0"/>
        <window xmlns="" class="Add LogixNG" height="289.0" locX="50.0" locY="30.0" width="610.0"/>
        <window xmlns="" class="Edit Signal Head" locX="93.0" locY="93.0"/>
        <window xmlns="" class="jmri.jmrit.roster.swing.RosterFrame:Roster" height="600.0" locX="31.0" locY="31.0" width="1024.0">
            <properties>
                <property>
                    <key>selectedProgrammer</key>
                    <value class="java.lang.String">service</value>
                </property>
            </properties>
        </window>
        <window xmlns="" class="jmri.jmrit.signalling.SignallingSourceFrame" locX="31.0" locY="31.0"/>
        <window xmlns="" class="jmri.jmrit.beantable.AbstractTableAction$1" height="526.0" locX="29.0" locY="22.0" width="774.0"/>
        <window xmlns="" class="jmri.jmrit.throttle.ThrottleWindow:10" height="512.0" locX="62.0" locY="62.0" width="571.0"/>
        <window xmlns="" class="jmri.jmrit.beantable.ListedTableAction$1$1:Turnouts" height="910.0" locX="31.0" locY="31.0" width="1723.0"/>
    </windowDetails>
</auxiliary-configuration>
