<?xml version="1.0" encoding="UTF-8"?>
<?xml-stylesheet href="/xml/XSLT/panelfile-4-19-2.xsl" type="text/xsl"?>
<layout-config xmlns:xsi="http://www.w3.org/2001/XMLSchema-instance" xsi:noNamespaceSchemaLocation="http://jmri.org/xml/schema/layout-4-19-2.xsd">
  <jmriversion>
    <major>4</major>
    <minor>21</minor>
    <test>5</test>
    <modifier>ish</modifier>
  </jmriversion>
  <sensors class="jmri.jmrix.internal.configurexml.InternalSensorManagerXml">
    <defaultInitialState>unknown</defaultInitialState>
    <sensor inverted="false">
      <systemName>IS1</systemName>
    </sensor>
    <sensor inverted="false">
      <systemName>ISCLOCKRUNNING</systemName>
    </sensor>
  </sensors>
  <turnouts class="jmri.jmrix.internal.configurexml.InternalTurnoutManagerXml">
    <operations automate="false">
      <operation name="NoFeedback" class="jmri.configurexml.turnoutoperations.NoFeedbackTurnoutOperationXml" interval="300" maxtries="2" />
      <operation name="Raw" class="jmri.configurexml.turnoutoperations.RawTurnoutOperationXml" interval="300" maxtries="1" />
      <operation name="Sensor" class="jmri.configurexml.turnoutoperations.SensorTurnoutOperationXml" interval="300" maxtries="3" />
    </operations>
    <defaultclosedspeed>Normal</defaultclosedspeed>
    <defaultthrownspeed>Restricted</defaultthrownspeed>
    <turnout feedback="DIRECT" inverted="false" automate="Off">
      <systemName>IT1</systemName>
    </turnout>
  </turnouts>
  <memories class="jmri.managers.configurexml.DefaultMemoryManagerXml">
    <memory value="3:47 PM">
      <systemName>IMCURRENTTIME</systemName>
    </memory>
    <memory value="1.0">
      <systemName>IMRATEFACTOR</systemName>
    </memory>
  </memories>
  <signalmastlogics class="jmri.managers.configurexml.DefaultSignalMastLogicManagerXml">
    <logicDelay>500</logicDelay>
  </signalmastlogics>
  <timebase class="jmri.jmrit.simpleclock.configurexml.SimpleTimebaseXml" time="Fri Feb 12 15:44:31 CET 2021" rate="1.0" startrate="1.0" run="yes" master="yes" sync="no" correct="no" display="no" startstopped="no" startrunning="yes" startsettime="no" startclockoption="0" showbutton="no" startsetrate="yes" />
  <logixngs class="jmri.jmrit.logixng.implementation.configurexml.DefaultLogixNGManagerXml">
    <thread>
      <id>0</id>
      <name>LogixNG thread</name>
    </thread>
    <logixng enabled="yes">
      <systemName>IQ:AUTO:0001</systemName>
      <conditionalngs>
        <conditionalNG_SystemName>IQC:AUTO:0001</conditionalNG_SystemName>
      </conditionalngs>
    </logixng>
    <clipboard>
      <many class="jmri.jmrit.logixng.implementation.configurexml.ClipboardManyXml">
        <socket>
          <socketName>X1</socketName>
        </socket>
      </many>
    </clipboard>
  </logixngs>
  <logixngConditionalNGs class="jmri.jmrit.logixng.implementation.configurexml.DefaultConditionalNGManagerXml">
    <conditionalng enabled="yes">
      <systemName>IQC:AUTO:0001</systemName>
      <thread>0</thread>
      <socket>
        <socketName>A</socketName>
        <systemName>IQDA:AUTO:0001</systemName>
      </socket>
    </conditionalng>
  </logixngConditionalNGs>
  <logixngDigitalExpressions class="jmri.jmrit.logixng.implementation.configurexml.DefaultDigitalExpressionManagerXml">
    <expression-sensor class="jmri.jmrit.logixng.expressions.configurexml.ExpressionSensorXml">
      <systemName>IQDE:AUTO:0001</systemName>
      <sensor>IS1</sensor>
      <addressing>Direct</addressing>
      <reference />
      <localVariable />
      <formula />
      <is_isNot>Is</is_isNot>
      <stateAddressing>Direct</stateAddressing>
      <sensorState>Active</sensorState>
      <stateReference />
      <stateLocalVariable />
      <stateFormula />
      <maleSocket>
        <abstractMaleSocket enabled="yes" catchAbortExecution="no" class="jmri.jmrit.logixng.implementation.configurexml.DefaultMaleDigitalExpressionSocketXml">
          <errorHandling>Default</errorHandling>
        </abstractMaleSocket>
      </maleSocket>
    </expression-sensor>
  </logixngDigitalExpressions>
  <logixngDigitalActions class="jmri.jmrit.logixng.implementation.configurexml.DefaultDigitalActionManagerXml">
    <if-then-else class="jmri.jmrit.logixng.actions.configurexml.IfThenElseXml" type="TRIGGER_ACTION">
      <systemName>IQDA:AUTO:0001</systemName>
      <ifSocket>
        <socketName>If</socketName>
        <systemName>IQDE:AUTO:0001</systemName>
      </ifSocket>
      <thenSocket>
        <socketName>Then</socketName>
        <systemName>IQDA:AUTO:0002</systemName>
      </thenSocket>
      <elseSocket>
        <socketName>Else</socketName>
        <systemName>IQDA:AUTO:0003</systemName>
      </elseSocket>
      <maleSocket>
        <abstractMaleSocket enabled="yes" catchAbortExecution="no" class="jmri.jmrit.logixng.implementation.configurexml.DefaultMaleDigitalActionSocketXml">
          <errorHandling>Default</errorHandling>
        </abstractMaleSocket>
      </maleSocket>
    </if-then-else>
    <action-turnout class="jmri.jmrit.logixng.actions.configurexml.ActionTurnoutXml">
      <systemName>IQDA:AUTO:0002</systemName>
      <turnout>IT1</turnout>
      <addressing>Direct</addressing>
      <reference />
      <localVariable />
      <formula />
      <stateAddressing>Direct</stateAddressing>
      <turnoutState>Thrown</turnoutState>
      <stateReference />
      <stateLocalVariable />
      <stateFormula />
      <maleSocket>
        <abstractMaleSocket enabled="yes" catchAbortExecution="no" class="jmri.jmrit.logixng.implementation.configurexml.DefaultMaleDigitalActionSocketXml">
          <errorHandling>Default</errorHandling>
        </abstractMaleSocket>
      </maleSocket>
    </action-turnout>
    <action-turnout class="jmri.jmrit.logixng.actions.configurexml.ActionTurnoutXml">
      <systemName>IQDA:AUTO:0003</systemName>
      <turnout>IT1</turnout>
      <addressing>Direct</addressing>
      <reference />
      <localVariable />
      <formula />
      <stateAddressing>Direct</stateAddressing>
      <turnoutState>Closed</turnoutState>
      <stateReference />
      <stateLocalVariable />
      <stateFormula />
      <maleSocket>
        <abstractMaleSocket enabled="yes" catchAbortExecution="no" class="jmri.jmrit.logixng.implementation.configurexml.DefaultMaleDigitalActionSocketXml">
          <errorHandling>Default</errorHandling>
        </abstractMaleSocket>
      </maleSocket>
    </action-turnout>
  </logixngDigitalActions>
  <paneleditor class="jmri.jmrit.display.panelEditor.configurexml.PanelEditorXml" name="Panel " x="743" y="350" height="380" width="434" editable="yes" positionable="yes" showtooltips="yes" controlling="yes" hide="no" panelmenu="yes" scrollable="both" redBackground="255" greenBackground="255" blueBackground="255">
    <sensoricon sensor="IS1" x="111" y="30" level="10" forcecontroloff="false" hidden="no" positionable="false" showtooltip="true" editable="true" momentary="false" icon="yes" class="jmri.jmrit.display.configurexml.SensorIconXml">
      <active url="program:resources/icons/smallschematics/tracksegments/circuit-occupied.gif" degrees="0" scale="1.0">
        <rotation>0</rotation>
      </active>
      <inactive url="program:resources/icons/smallschematics/tracksegments/circuit-empty.gif" degrees="0" scale="1.0">
        <rotation>0</rotation>
      </inactive>
      <unknown url="program:resources/icons/smallschematics/tracksegments/circuit-error.gif" degrees="0" scale="1.0">
        <rotation>0</rotation>
      </unknown>
      <inconsistent url="program:resources/icons/smallschematics/tracksegments/circuit-error.gif" degrees="0" scale="1.0">
        <rotation>0</rotation>
      </inconsistent>
      <iconmaps />
    </sensoricon>
    <positionablelabel x="33" y="24" level="4" forcecontroloff="false" hidden="no" positionable="false" showtooltip="true" editable="true" text="Sensor" size="12" style="1" red="51" green="51" blue="51" hasBackground="no" justification="centre" class="jmri.jmrit.display.configurexml.PositionableLabelXml" />
    <positionablelabel x="35" y="73" level="4" forcecontroloff="false" hidden="no" positionable="false" showtooltip="true" editable="true" text="Turnout" size="12" style="1" red="51" green="51" blue="51" hasBackground="no" justification="centre" class="jmri.jmrit.display.configurexml.PositionableLabelXml" />
    <turnouticon turnout="IT1" x="101" y="63" level="7" forcecontroloff="false" hidden="no" positionable="false" showtooltip="true" editable="true" tristate="false" momentary="false" directControl="false" class="jmri.jmrit.display.configurexml.TurnoutIconXml">
      <icons>
        <closed url="program:resources/icons/smallschematics/tracksegments/os-lefthand-east-closed.gif" degrees="0" scale="1.0">
          <rotation>0</rotation>
        </closed>
        <thrown url="program:resources/icons/smallschematics/tracksegments/os-lefthand-east-thrown.gif" degrees="0" scale="1.0">
          <rotation>0</rotation>
        </thrown>
        <unknown url="program:resources/icons/smallschematics/tracksegments/os-lefthand-east-unknown.gif" degrees="0" scale="1.0">
          <rotation>0</rotation>
        </unknown>
        <inconsistent url="program:resources/icons/smallschematics/tracksegments/os-lefthand-east-error.gif" degrees="0" scale="1.0">
          <rotation>0</rotation>
        </inconsistent>
      </icons>
      <iconmaps />
    </turnouticon>
    <positionablelabel x="15" y="126" level="4" forcecontroloff="false" hidden="no" positionable="true" showtooltip="true" editable="true" text="When sensor is active, the turnout is diverging" size="12" style="1" red="51" green="51" blue="51" hasBackground="no" justification="centre" class="jmri.jmrit.display.configurexml.PositionableLabelXml" />
  </paneleditor>
  <filehistory>
    <operation>
      <type>app</type>
      <date>Fri Feb 12 15:44:30 CET 2021</date>
      <filename>JMRI program</filename>
    </operation>
    <operation>
      <type>Store</type>
      <date>Fri Feb 12 15:47:42 CET 2021</date>
      <filename />
    </operation>
  </filehistory>
  <!--Written by JMRI version 4.21.5ish+daniel+2021-02-12T14:44:18Z+RUNKNOWN on Fri Feb 12 15:47:42 CET 2021-->
</layout-config>
