<?xml version="1.0" encoding="UTF-8"?>
<auxiliary-configuration xmlns="http://www.netbeans.org/ns/auxiliary-configuration/1">
    <checkBoxLastValue xmlns="http://jmri.org/xml/schema/auxiliary-configuration/checkbox-4-21-3.xsd">
        <checkBox xmlns="" lastChecked="yes" name="jmri.jmrit.logixng.LogixNG_UserPreferences.AutoSystemName"/>
        <checkBox xmlns="" lastChecked="yes" name="jmri.jmrit.logixng.tools.swing.LogixNGEditor.AutoSystemName"/>
    </checkBoxLastValue>
    <classPreferences xmlns="http://jmri.org/xml/schema/auxiliary-configuration/class-preferences-4-3-5.xsd">
        <preferences xmlns="" class="jmri.managers.JmriUserPreferencesManager"/>
    </classPreferences>
    <comboBoxLastValue xmlns="http://jmri.org/xml/schema/auxiliary-configuration/combobox-4-3-5.xsd">
        <comboBox xmlns="" lastSelected="LocoNet Simulator" name="Digitrax"/>
    </comboBoxLastValue>
    <settings xmlns="http://jmri.org/xml/schema/auxiliary-configuration/settings-4-3-5.xsd">
        <setting xmlns="">jmri.jmrit.display.layoutEditor.LayoutEditor:YAAT Demo.toolBarThin</setting>
        <setting xmlns="">jmri.jmrit.display.layoutEditor.LayoutEditor:YAAT Demo.antialiasingOn</setting>
        <setting xmlns="">jmri.jmrit.display.layoutEditor.LayoutEditor:YAAT3 Demo.antialiasingOn</setting>
        <setting xmlns="">jmri.jmrit.display.layoutEditor.LayoutEditor:YAAT3 Demo.toolBarThin</setting>
    </settings>
    <tableDetails xmlns="http://jmri.org/xml/schema/auxiliary-configuration/table-details-4-3-5.xsd">
        <table xmlns="" name="jmri.jmrit.beantable.SensorTableAction:Internal">
            <columns/>
        </table>
        <table xmlns="" name="jmri.jmrit.beantable.ReporterTableAction:Internal">
            <columns/>
        </table>
        <table xmlns="" name="jmri.jmrit.beantable.BlockTableAction:Blocks">
            <columns/>
        </table>
        <table xmlns="" name="jmri.jmrit.beantable.TransitTableAction:Transits">
            <columns/>
        </table>
        <table xmlns="" name="jmri.jmrit.beantable.LRouteTableAction:LRoutes">
            <columns/>
        </table>
        <table xmlns="" name="jmri.jmrit.logixng.LogixNG_UserPreferences:LogixNGs">
            <columns/>
        </table>
        <table xmlns="" name="jmri.jmrit.beantable.LightTableAction:All">
            <columns/>
        </table>
        <table xmlns="" name="jmri.jmrit.beantable.ReporterTableAction:All">
            <columns/>
        </table>
        <table xmlns="" name="jmri.jmrit.beantable.LogixTableAction:Logix">
            <columns/>
        </table>
        <table xmlns="" name="jmri.jmrit.beantable.SensorTableAction:LocoNet">
            <columns/>
        </table>
        <table xmlns="" name="jmri.jmrit.beantable.MemoryTableDataModel:Memory Variables">
            <columns/>
        </table>
        <table xmlns="" name="jmri.jmrit.logixng.LogixNG_UserPreferences:LogixNG Global Variables">
            <columns/>
        </table>
        <table xmlns="" name="jmri.jmrit.beantable.SignalGroupTableAction:Signal Groups">
            <columns/>
        </table>
        <table xmlns="" name="jmri.jmrit.beantable.SignalMastLogicTableAction:Signal Mast Logic">
            <columns/>
        </table>
        <table xmlns="" name="jmri.jmrit.logixng.LogixNG_UserPreferences:LogixNG Modules">
            <columns/>
        </table>
        <table xmlns="" name="jmri.jmrit.beantable.TurnoutTableAction:All">
            <columns/>
        </table>
        <table xmlns="" name="jmri.jmrit.beantable.AudioTableAction">
            <columns>
                <column hidden="false" name="Comment" order="3" width="190"/>
                <column hidden="false" name="Description" order="2" width="610"/>
                <column hidden="false" name="User Name" order="1" width="190"/>
                <column hidden="false" name="Column4" order="4" width="88"/>
                <column hidden="false" name="Column5" order="5" width="79"/>
                <column hidden="false" name="System Name" order="0" width="70"/>
            </columns>
            <sortOrder>
                <sortKey column="0" sortOrder="ASCENDING"/>
            </sortOrder>
        </table>
        <table xmlns="" name="jmri.jmrit.beantable.TurnoutTableAction:Internal">
            <columns/>
        </table>
        <table xmlns="" name="jmri.jmrit.beantable.LightTableAction:LocoNet">
            <columns/>
        </table>
        <table xmlns="" name="jmri.jmrit.beantable.LightTableAction:Internal">
            <columns/>
        </table>
        <table xmlns="" name="jmri.jmrit.beantable.RailComTableAction:RailCom IDs">
            <columns/>
        </table>
        <table xmlns="" name="jmri.jmrit.beantable.SignalMastTableAction:Signal Masts">
            <columns/>
        </table>
        <table xmlns="" name="jmri.jmrit.beantable.IdTagTableAction:Internal">
            <columns/>
        </table>
        <table xmlns="" name="jmri.jmrit.beantable.IdTagTableAction:LocoNet">
            <columns/>
        </table>
        <table xmlns="" name="jmri.jmrit.beantable.TurnoutTableAction:LocoNet">
            <columns/>
        </table>
        <table xmlns="" name="jmri.jmrit.beantable.IdTagTableAction:All">
            <columns/>
        </table>
        <table xmlns="" name="jmri.jmrit.beantable.ReporterTableAction:LocoNet">
            <columns/>
        </table>
        <table xmlns="" name="jmri.jmrit.logixng.LogixNG_UserPreferences:LogixNG Tables">
            <columns/>
        </table>
        <table xmlns="" name="jmri.jmrit.beantable.RouteTableDataModel:Routes">
            <columns/>
        </table>
        <table xmlns="" name="jmri.jmrit.beantable.SectionTableAction:Sections">
            <columns/>
        </table>
        <table xmlns="" name="jmri.jmrit.beantable.SensorTableAction:All">
            <columns/>
        </table>
        <table xmlns="" name="jmri.jmrit.beantable.SignalHeadTableAction:Signal Heads">
            <columns/>
        </table>
    </tableDetails>
    <windowDetails xmlns="http://jmri.org/xml/schema/auxiliary-configuration/window-details-4-3-5.xsd">
        <window xmlns="" class="Translate (Move) Selection" height="165.0" locX="70.0" locY="39.0" width="339.0"/>
        <window xmlns="" class="Edit Turntable" locX="50.0" locY="39.0"/>
        <window xmlns="" class="Conditional Browser:1" locX="28.0" locY="40.0"/>
        <window xmlns="" class="jmri.jmrit.beantable.ListedTableFrame:Memory Variables" height="1068.0" locX="0.0" locY="39.0" width="1710.0"/>
        <window xmlns="" class="Add LogixNG" height="171.0" locX="50.0" locY="39.0" width="663.0"/>
        <window xmlns="" class="PanelPro" height="266.0" locX="584.0" locY="465.0" width="516.0"/>
        <window xmlns="" class="LogixNG Browser" locX="28.0" locY="40.0"/>
        <window xmlns="" class="Conditional Browser" locX="28.0" locY="40.0"/>
        <window xmlns="" class="jmri.jmrit.display.layoutEditor.LayoutEditor:YAAT3 Demo" height="866.0" locX="299.0" locY="88.0" width="1054.0"/>
        <window xmlns="" class="Local JMRI throttles" height="228.0" locX="28.0" locY="40.0" width="320.0"/>
        <window xmlns="" class="jmri.jmrit.logixng.tools.swing.LogixNGInitializationTable" height="537.0" locX="28.0" locY="40.0" width="766.0"/>
        <window xmlns="" class="jmri.jmrix.loconet.hexfile.HexFileFrame" height="145.0" locX="0.0" locY="39.0" width="181.0"/>
        <window xmlns="" class="jmri.jmrit.beantable.ListedTableFrame:Turnouts" height="508.0" locX="1.0" locY="52.0" width="1710.0"/>
        <window xmlns="" class="jmri.jmrit.roster.Roster"/>
        <window xmlns="" class="jmri.jmrit.beantable.ListedTableFrame:LogixNGs" height="1068.0" locX="0.0" locY="39.0" width="1710.0"/>
        <window xmlns="" class="apps.gui3.tabbedpreferences.TabbedPreferencesFrame:Preferences" height="1056.0" locX="0.0" locY="39.0" width="1001.0"/>
        <window xmlns="" class="jmri.jmrit.beantable.routetable.RouteEditFrame:Edit Route" locX="100.0" locY="39.0"/>
        <window xmlns="" class="JMRI System Console" height="336.0" locX="0.0" locY="697.0" width="1710.0"/>
        <window xmlns="" class="jmri.jmrit.beantable.ListedTableFrame:Routes" height="1068.0" locX="0.0" locY="39.0" width="1710.0"/>
        <window xmlns="" class="jmri.jmrit.beantable.LogixTableAction">
            <properties>
                <property>
                    <key>Edit Mode</key>
                    <value class="java.lang.String">LISTEDIT</value>
                </property>
                <property>
                    <key>Selection Mode</key>
                    <value class="java.lang.String">USEMULTI</value>
                </property>
            </properties>
        </window>
        <window xmlns="" class="Tool Box: YAAT Demo" height="331.0" locX="28.0" locY="40.0" width="422.0"/>
        <window xmlns="" class="jmri.jmrit.display.layoutEditor.LayoutEditor:YAAT Demo" height="866.0" locX="299.0" locY="88.0" width="1054.0">
            <properties>
                <property>
                    <key>toolBarSide</key>
                    <value class="java.lang.String">float</value>
                </property>
            </properties>
        </window>
        <window xmlns="" class="Tool Box: YAAT3 Demo" height="331.0" locX="28.0" locY="40.0" width="422.0"/>
        <window xmlns="" class="jmri.jmrit.logixng.tools.swing.ConditionalNGEditor" height="300.0" locX="28.0" locY="67.0" width="617.0"/>
    </windowDetails>
</auxiliary-configuration>
