<?xml version="1.0" encoding="UTF-8"?>
<?xml-stylesheet href="/xml/XSLT/panelfile-5-5-5.xsl" type="text/xsl"?>
<layout-config xmlns:xsi="http://www.w3.org/2001/XMLSchema-instance" xsi:noNamespaceSchemaLocation="http://jmri.org/xml/schema/layout-5-5-5.xsd">
  <jmriversion>
    <major>5</major>
    <minor>6</minor>
    <test>0</test>
    <modifier />
  </jmriversion>
  <sensors class="jmri.jmrix.internal.configurexml.InternalSensorManagerXml">
    <defaultInitialState>inactive</defaultInitialState>
    <sensor inverted="false">
      <systemName>IS101</systemName>
      <userName>One</userName>
    </sensor>
    <sensor inverted="false">
      <systemName>IS102</systemName>
      <userName>Two</userName>
    </sensor>
    <sensor inverted="false">
      <systemName>IS103</systemName>
      <userName>Three</userName>
    </sensor>
    <sensor inverted="false">
      <systemName>IS104</systemName>
      <userName>Four</userName>
    </sensor>
    <sensor inverted="false">
      <systemName>ISCLOCKRUNNING</systemName>
    </sensor>
  </sensors>
  <turnouts class="jmri.jmrix.internal.configurexml.InternalTurnoutManagerXml">
    <operations automate="false">
      <operation name="NoFeedback" class="jmri.configurexml.turnoutoperations.NoFeedbackTurnoutOperationXml" interval="300" maxtries="2" />
      <operation name="Raw" class="jmri.configurexml.turnoutoperations.RawTurnoutOperationXml" interval="300" maxtries="1" />
      <operation name="Sensor" class="jmri.configurexml.turnoutoperations.SensorTurnoutOperationXml" interval="300" maxtries="3" />
    </operations>
    <defaultclosedspeed>Normal</defaultclosedspeed>
    <defaultthrownspeed>Restricted</defaultthrownspeed>
    <turnout feedback="DIRECT" inverted="false" automate="Off">
      <systemName>IT101</systemName>
      <userName>T1</userName>
    </turnout>
    <turnout feedback="DIRECT" inverted="false" automate="Off">
      <systemName>IT102</systemName>
      <userName>T2</userName>
    </turnout>
    <turnout feedback="DIRECT" inverted="false" automate="Off">
      <systemName>IT103</systemName>
      <userName>T3</userName>
    </turnout>
  </turnouts>
  <memories class="jmri.managers.configurexml.DefaultMemoryManagerXml">
    <memory value="9:53 AM">
      <systemName>IMCURRENTTIME</systemName>
    </memory>
    <memory value="1.0">
      <systemName>IMRATEFACTOR</systemName>
    </memory>
  </memories>
  <signalmastlogics class="jmri.managers.configurexml.DefaultSignalMastLogicManagerXml">
    <logicDelay>500</logicDelay>
  </signalmastlogics>
  <logixs class="jmri.managers.configurexml.DefaultLogixManagerXml">
    <logix userName="System Logix" enabled="yes">
      <systemName>IX:SYS</systemName>
      <userName>System Logix</userName>
      <logixConditional systemName="IX:SYS_SGC_Ladder" order="0" />
    </logix>
  </logixs>
  <conditionals class="jmri.managers.configurexml.DefaultConditionalManagerXml">
    <conditional systemName="IX:SYS_SGC_Ladder" userName="Sensor Group Ladder" antecedent="" logicType="2" triggerOnChange="yes">
      <systemName>IX:SYS_SGC_Ladder</systemName>
      <userName>Sensor Group Ladder</userName>
      <conditionalStateVariable operator="5" negated="no" type="1" systemName="One" dataString="" num1="0" num2="0" triggersCalc="yes" />
      <conditionalStateVariable operator="5" negated="no" type="1" systemName="Two" dataString="" num1="0" num2="0" triggersCalc="yes" />
      <conditionalStateVariable operator="5" negated="no" type="1" systemName="Three" dataString="" num1="0" num2="0" triggersCalc="yes" />
      <conditionalStateVariable operator="5" negated="no" type="1" systemName="Four" dataString="" num1="0" num2="0" triggersCalc="yes" />
      <conditionalAction option="1" type="9" systemName="One" data="4" delay="0" string="" />
      <conditionalAction option="1" type="9" systemName="Two" data="4" delay="0" string="" />
      <conditionalAction option="1" type="9" systemName="Three" data="4" delay="0" string="" />
      <conditionalAction option="1" type="9" systemName="Four" data="4" delay="0" string="" />
    </conditional>
  </conditionals>
  <timebase class="jmri.jmrit.simpleclock.configurexml.SimpleTimebaseXml" time="Sun May 19 13:17:10 CDT 2024" rate="1.0" startrate="1.0" run="yes" master="yes" sync="no" correct="no" display="no" startstopped="no" startrunning="yes" startsettime="no" startclockoption="0" showbutton="no" startsetrate="yes" />
  <LogixNGs class="jmri.jmrit.logixng.implementation.configurexml.DefaultLogixNGManagerXml">
    <Thread>
      <id>0</id>
      <name>LogixNG thread</name>
    </Thread>
    <LogixNG enabled="yes" inline="no">
      <systemName>IQ:AUTO:0001</systemName>
      <userName>set ladder</userName>
      <ConditionalNGs>
        <systemName>IQC:AUTO:0001</systemName>
      </ConditionalNGs>
    </LogixNG>
    <LogixNG enabled="yes" inline="no">
      <systemName>IQ:AUTO:0002</systemName>
      <userName>Initialize</userName>
      <ConditionalNGs>
        <systemName>IQC:AUTO:0002</systemName>
      </ConditionalNGs>
    </LogixNG>
    <InitializationTable>
      <LogixNG>IQ:AUTO:0002</LogixNG>
    </InitializationTable>
    <Clipboard>
      <Many class="jmri.jmrit.logixng.implementation.configurexml.ClipboardManyXml">
        <Socket>
          <socketName>X1</socketName>
        </Socket>
      </Many>
    </Clipboard>
  </LogixNGs>
  <LogixNGModules class="jmri.jmrit.logixng.implementation.configurexml.DefaultModuleManagerXml">
    <Module class="jmri.jmrit.logixng.implementation.configurexml.DefaultModuleXml">
      <systemName>IQM:AUTO:0001</systemName>
      <userName>Set Turnout</userName>
      <rootSocketType>DefaultFemaleDigitalActionSocket</rootSocketType>
      <Parameters>
        <Parameter>
          <name>turnout</name>
          <isInput>yes</isInput>
          <isOutput>no</isOutput>
        </Parameter>
        <Parameter>
          <name>state</name>
          <isInput>yes</isInput>
          <isOutput>no</isOutput>
        </Parameter>
      </Parameters>
      <RootSocket>
        <socketName>Root</socketName>
        <systemName>IQDA:AUTO:0046</systemName>
      </RootSocket>
    </Module>
  </LogixNGModules>
  <LogixNGConditionalNGs class="jmri.jmrit.logixng.implementation.configurexml.DefaultConditionalNGManagerXml">
    <ConditionalNG enabled="yes" executeAtStartup="no">
      <systemName>IQC:AUTO:0001</systemName>
      <thread>0</thread>
      <Socket>
        <socketName>A</socketName>
        <systemName>IQDA:AUTO:0001</systemName>
      </Socket>
    </ConditionalNG>
    <ConditionalNG enabled="yes">
      <systemName>IQC:AUTO:0002</systemName>
      <userName>Initialize</userName>
      <thread>0</thread>
      <Socket>
        <socketName>A</socketName>
        <systemName>IQDA:AUTO:0040</systemName>
      </Socket>
    </ConditionalNG>
  </LogixNGConditionalNGs>
  <LogixNGTables class="jmri.jmrit.logixng.implementation.configurexml.DefaultNamedTableManagerXml">
    <CsvTable class="jmri.jmrit.logixng.implementation.configurexml.DefaultCsvNamedTableXml">
      <systemName>IQT:AUTO:0001</systemName>
      <userName>Yard Ladder</userName>
      <fileName>preference:yard-ladder.csv</fileName>
      <csvType>COMMA</csvType>
    </CsvTable>
  </LogixNGTables>
  <LogixNGDigitalExpressions class="jmri.jmrit.logixng.implementation.configurexml.DefaultDigitalExpressionManagerXml">
    <ExpressionSensor class="jmri.jmrit.logixng.expressions.configurexml.ExpressionSensorXml">
      <systemName>IQDE:AUTO:0001</systemName>
      <comment>Only process the sensor going active, another sensor will go inactive.</comment>
      <namedBean>
        <addressing>LocalVariable</addressing>
        <listenToMemory>no</listenToMemory>
        <localVariable>sensor</localVariable>
      </namedBean>
      <is_isNot>Is</is_isNot>
      <state>
        <addressing>Direct</addressing>
        <enum>Active</enum>
        <listenToMemory>no</listenToMemory>
      </state>
      <MaleSocket>
        <AbstractDebuggerMaleSocket class="jmri.jmrit.logixng.tools.debugger.configurexml.DebuggerMaleDigitalExpressionSocketXml" />
        <AbstractMaleSocket enabled="yes" locked="no" system="no" catchAbortExecution="no" class="jmri.jmrit.logixng.implementation.configurexml.DefaultMaleDigitalExpressionSocketXml" DefaultMaleDigitalExpressionSocketListen="yes">
          <errorHandling>Default</errorHandling>
        </AbstractMaleSocket>
      </MaleSocket>
    </ExpressionSensor>
    <ExpressionLocalVariable class="jmri.jmrit.logixng.expressions.configurexml.ExpressionLocalVariableXml">
      <systemName>IQDE:AUTO:0009</systemName>
      <variable>state</variable>
      <otherVariable />
      <memoryNamedBean>
        <addressing>Direct</addressing>
        <listenToMemory>no</listenToMemory>
      </memoryNamedBean>
      <compareTo>Value</compareTo>
      <variableOperation>NotEqual</variableOperation>
      <compareType>String</compareType>
      <caseInsensitive>no</caseInsensitive>
      <constant />
      <regEx />
      <table>
        <tableName>
          <addressing>Direct</addressing>
        </tableName>
        <row>
          <addressing>Direct</addressing>
        </row>
        <column>
          <addressing>Direct</addressing>
        </column>
      </table>
      <MaleSocket>
        <AbstractDebuggerMaleSocket class="jmri.jmrit.logixng.tools.debugger.configurexml.DebuggerMaleDigitalExpressionSocketXml" />
        <AbstractMaleSocket enabled="yes" locked="no" system="no" catchAbortExecution="no" class="jmri.jmrit.logixng.implementation.configurexml.DefaultMaleDigitalExpressionSocketXml" DefaultMaleDigitalExpressionSocketListen="yes">
          <errorHandling>Default</errorHandling>
        </AbstractMaleSocket>
      </MaleSocket>
    </ExpressionLocalVariable>
    <And class="jmri.jmrit.logixng.expressions.configurexml.AndXml" type="EvaluateNeeded">
      <systemName>IQDE:AUTO:0010</systemName>
      <Expressions>
        <Socket>
          <socketName>E1</socketName>
          <systemName>IQDE:AUTO:0011</systemName>
        </Socket>
        <Socket>
          <socketName>E2</socketName>
          <systemName>IQDE:AUTO:0012</systemName>
        </Socket>
        <Socket>
          <socketName>E3</socketName>
        </Socket>
      </Expressions>
      <MaleSocket>
        <AbstractDebuggerMaleSocket class="jmri.jmrit.logixng.tools.debugger.configurexml.DebuggerMaleDigitalExpressionSocketXml" />
        <AbstractMaleSocket enabled="yes" locked="no" system="no" catchAbortExecution="no" class="jmri.jmrit.logixng.implementation.configurexml.DefaultMaleDigitalExpressionSocketXml" DefaultMaleDigitalExpressionSocketListen="yes">
          <errorHandling>Default</errorHandling>
        </AbstractMaleSocket>
      </MaleSocket>
    </And>
    <ExpressionTurnout class="jmri.jmrit.logixng.expressions.configurexml.ExpressionTurnoutXml">
      <systemName>IQDE:AUTO:0011</systemName>
      <namedBean>
        <addressing>LocalVariable</addressing>
        <listenToMemory>no</listenToMemory>
        <localVariable>turnout</localVariable>
      </namedBean>
      <is_isNot>Is</is_isNot>
      <stateAddressing>Direct</stateAddressing>
      <turnoutState>Closed</turnoutState>
      <stateReference />
      <stateLocalVariable />
      <stateFormula />
      <MaleSocket>
        <AbstractDebuggerMaleSocket class="jmri.jmrit.logixng.tools.debugger.configurexml.DebuggerMaleDigitalExpressionSocketXml" />
        <AbstractMaleSocket enabled="yes" locked="no" system="no" catchAbortExecution="no" class="jmri.jmrit.logixng.implementation.configurexml.DefaultMaleDigitalExpressionSocketXml" DefaultMaleDigitalExpressionSocketListen="yes">
          <errorHandling>Default</errorHandling>
        </AbstractMaleSocket>
      </MaleSocket>
    </ExpressionTurnout>
    <ExpressionLocalVariable class="jmri.jmrit.logixng.expressions.configurexml.ExpressionLocalVariableXml">
      <systemName>IQDE:AUTO:0012</systemName>
      <variable>state</variable>
      <otherVariable />
      <memoryNamedBean>
        <addressing>Direct</addressing>
        <listenToMemory>no</listenToMemory>
      </memoryNamedBean>
      <compareTo>Value</compareTo>
      <variableOperation>Equal</variableOperation>
      <compareType>String</compareType>
      <caseInsensitive>no</caseInsensitive>
      <constant>Thrown</constant>
      <regEx />
      <table>
        <tableName>
          <addressing>Direct</addressing>
        </tableName>
        <row>
          <addressing>Direct</addressing>
        </row>
        <column>
          <addressing>Direct</addressing>
        </column>
      </table>
      <MaleSocket>
        <AbstractDebuggerMaleSocket class="jmri.jmrit.logixng.tools.debugger.configurexml.DebuggerMaleDigitalExpressionSocketXml" />
        <AbstractMaleSocket enabled="yes" locked="no" system="no" catchAbortExecution="no" class="jmri.jmrit.logixng.implementation.configurexml.DefaultMaleDigitalExpressionSocketXml" DefaultMaleDigitalExpressionSocketListen="yes">
          <errorHandling>Default</errorHandling>
        </AbstractMaleSocket>
      </MaleSocket>
    </ExpressionLocalVariable>
    <And class="jmri.jmrit.logixng.expressions.configurexml.AndXml" type="EvaluateNeeded">
      <systemName>IQDE:AUTO:0013</systemName>
      <Expressions>
        <Socket>
          <socketName>E1</socketName>
          <systemName>IQDE:AUTO:0014</systemName>
        </Socket>
        <Socket>
          <socketName>E2</socketName>
        </Socket>
      </Expressions>
      <MaleSocket>
        <AbstractDebuggerMaleSocket class="jmri.jmrit.logixng.tools.debugger.configurexml.DebuggerMaleDigitalExpressionSocketXml" />
        <AbstractMaleSocket enabled="yes" locked="no" system="no" catchAbortExecution="no" class="jmri.jmrit.logixng.implementation.configurexml.DefaultMaleDigitalExpressionSocketXml" DefaultMaleDigitalExpressionSocketListen="yes">
          <errorHandling>Default</errorHandling>
        </AbstractMaleSocket>
      </MaleSocket>
    </And>
    <ExpressionTurnout class="jmri.jmrit.logixng.expressions.configurexml.ExpressionTurnoutXml">
      <systemName>IQDE:AUTO:0014</systemName>
      <namedBean>
        <addressing>LocalVariable</addressing>
        <listenToMemory>no</listenToMemory>
        <localVariable>turnout</localVariable>
      </namedBean>
      <is_isNot>Is</is_isNot>
      <stateAddressing>Direct</stateAddressing>
      <turnoutState>Thrown</turnoutState>
      <stateReference />
      <stateLocalVariable />
      <stateFormula />
      <MaleSocket>
        <AbstractDebuggerMaleSocket class="jmri.jmrit.logixng.tools.debugger.configurexml.DebuggerMaleDigitalExpressionSocketXml" />
        <AbstractMaleSocket enabled="yes" locked="no" system="no" catchAbortExecution="no" class="jmri.jmrit.logixng.implementation.configurexml.DefaultMaleDigitalExpressionSocketXml" DefaultMaleDigitalExpressionSocketListen="yes">
          <errorHandling>Default</errorHandling>
        </AbstractMaleSocket>
      </MaleSocket>
    </ExpressionTurnout>
    <DigitalFormula class="jmri.jmrit.logixng.expressions.configurexml.DigitalFormulaXml">
      <systemName>IQDE:AUTO:0015</systemName>
      <comment>Determine if the turnout needs to be changed.</comment>
      <Expressions>
        <Socket>
          <socketName>E1</socketName>
          <systemName>IQDE:AUTO:0016</systemName>
          <manager>jmri.jmrit.logixng.implementation.DefaultDigitalExpressionManager</manager>
        </Socket>
        <Socket>
          <socketName>E2</socketName>
          <systemName>IQDE:AUTO:0017</systemName>
          <manager>jmri.jmrit.logixng.implementation.DefaultDigitalExpressionManager</manager>
        </Socket>
        <Socket>
          <socketName>E3</socketName>
          <systemName>IQDE:AUTO:0018</systemName>
          <manager>jmri.jmrit.logixng.implementation.DefaultDigitalExpressionManager</manager>
        </Socket>
        <Socket>
          <socketName>E4</socketName>
          <systemName>IQDE:AUTO:0019</systemName>
          <manager>jmri.jmrit.logixng.implementation.DefaultDigitalExpressionManager</manager>
        </Socket>
        <Socket>
          <socketName>E5</socketName>
          <systemName>IQDE:AUTO:0020</systemName>
          <manager>jmri.jmrit.logixng.implementation.DefaultDigitalExpressionManager</manager>
        </Socket>
        <Socket>
          <socketName>E6</socketName>
        </Socket>
      </Expressions>
      <formula>E1 &amp;&amp; ((E2 &amp;&amp; E3) || (E4 &amp;&amp; E5))</formula>
      <MaleSocket>
        <AbstractDebuggerMaleSocket class="jmri.jmrit.logixng.tools.debugger.configurexml.DebuggerMaleDigitalExpressionSocketXml" />
        <AbstractMaleSocket enabled="yes" locked="no" system="no" catchAbortExecution="no" class="jmri.jmrit.logixng.implementation.configurexml.DefaultMaleDigitalExpressionSocketXml" DefaultMaleDigitalExpressionSocketListen="yes">
          <errorHandling>Default</errorHandling>
        </AbstractMaleSocket>
      </MaleSocket>
    </DigitalFormula>
    <ExpressionLocalVariable class="jmri.jmrit.logixng.expressions.configurexml.ExpressionLocalVariableXml">
      <systemName>IQDE:AUTO:0016</systemName>
      <variable>stateName</variable>
      <otherVariable />
      <memoryNamedBean>
        <addressing>Direct</addressing>
        <listenToMemory>no</listenToMemory>
      </memoryNamedBean>
      <compareTo>Value</compareTo>
      <variableOperation>NotEqual</variableOperation>
      <compareType>String</compareType>
      <caseInsensitive>no</caseInsensitive>
      <constant />
      <regEx />
      <table>
        <tableName>
          <addressing>Direct</addressing>
        </tableName>
        <row>
          <addressing>Direct</addressing>
        </row>
        <column>
          <addressing>Direct</addressing>
        </column>
      </table>
      <MaleSocket>
        <AbstractDebuggerMaleSocket class="jmri.jmrit.logixng.tools.debugger.configurexml.DebuggerMaleDigitalExpressionSocketXml" />
        <AbstractMaleSocket enabled="yes" locked="no" system="no" catchAbortExecution="no" class="jmri.jmrit.logixng.implementation.configurexml.DefaultMaleDigitalExpressionSocketXml" DefaultMaleDigitalExpressionSocketListen="yes">
          <errorHandling>Default</errorHandling>
        </AbstractMaleSocket>
      </MaleSocket>
    </ExpressionLocalVariable>
    <ExpressionTurnout class="jmri.jmrit.logixng.expressions.configurexml.ExpressionTurnoutXml">
      <systemName>IQDE:AUTO:0017</systemName>
      <namedBean>
        <addressing>LocalVariable</addressing>
        <listenToMemory>no</listenToMemory>
        <localVariable>turnout</localVariable>
      </namedBean>
      <is_isNot>Is</is_isNot>
      <stateAddressing>Direct</stateAddressing>
      <turnoutState>Closed</turnoutState>
      <stateReference />
      <stateLocalVariable />
      <stateFormula />
      <MaleSocket>
        <AbstractDebuggerMaleSocket class="jmri.jmrit.logixng.tools.debugger.configurexml.DebuggerMaleDigitalExpressionSocketXml" />
        <AbstractMaleSocket enabled="yes" locked="no" system="no" catchAbortExecution="no" class="jmri.jmrit.logixng.implementation.configurexml.DefaultMaleDigitalExpressionSocketXml" DefaultMaleDigitalExpressionSocketListen="yes">
          <errorHandling>Default</errorHandling>
        </AbstractMaleSocket>
      </MaleSocket>
    </ExpressionTurnout>
    <ExpressionLocalVariable class="jmri.jmrit.logixng.expressions.configurexml.ExpressionLocalVariableXml">
      <systemName>IQDE:AUTO:0018</systemName>
      <variable>stateName</variable>
      <otherVariable />
      <memoryNamedBean>
        <addressing>Direct</addressing>
        <listenToMemory>no</listenToMemory>
      </memoryNamedBean>
      <compareTo>Value</compareTo>
      <variableOperation>Equal</variableOperation>
      <compareType>String</compareType>
      <caseInsensitive>no</caseInsensitive>
      <constant>Thrown</constant>
      <regEx />
      <table>
        <tableName>
          <addressing>Direct</addressing>
        </tableName>
        <row>
          <addressing>Direct</addressing>
        </row>
        <column>
          <addressing>Direct</addressing>
        </column>
      </table>
      <MaleSocket>
        <AbstractDebuggerMaleSocket class="jmri.jmrit.logixng.tools.debugger.configurexml.DebuggerMaleDigitalExpressionSocketXml" />
        <AbstractMaleSocket enabled="yes" locked="no" system="no" catchAbortExecution="no" class="jmri.jmrit.logixng.implementation.configurexml.DefaultMaleDigitalExpressionSocketXml" DefaultMaleDigitalExpressionSocketListen="yes">
          <errorHandling>Default</errorHandling>
        </AbstractMaleSocket>
      </MaleSocket>
    </ExpressionLocalVariable>
    <ExpressionTurnout class="jmri.jmrit.logixng.expressions.configurexml.ExpressionTurnoutXml">
      <systemName>IQDE:AUTO:0019</systemName>
      <namedBean>
        <addressing>LocalVariable</addressing>
        <listenToMemory>no</listenToMemory>
        <localVariable>turnout</localVariable>
      </namedBean>
      <is_isNot>Is</is_isNot>
      <stateAddressing>Direct</stateAddressing>
      <turnoutState>Thrown</turnoutState>
      <stateReference />
      <stateLocalVariable />
      <stateFormula />
      <MaleSocket>
        <AbstractDebuggerMaleSocket class="jmri.jmrit.logixng.tools.debugger.configurexml.DebuggerMaleDigitalExpressionSocketXml" />
        <AbstractMaleSocket enabled="yes" locked="no" system="no" catchAbortExecution="no" class="jmri.jmrit.logixng.implementation.configurexml.DefaultMaleDigitalExpressionSocketXml" DefaultMaleDigitalExpressionSocketListen="yes">
          <errorHandling>Default</errorHandling>
        </AbstractMaleSocket>
      </MaleSocket>
    </ExpressionTurnout>
    <ExpressionLocalVariable class="jmri.jmrit.logixng.expressions.configurexml.ExpressionLocalVariableXml">
      <systemName>IQDE:AUTO:0020</systemName>
      <variable>stateName</variable>
      <otherVariable />
      <memoryNamedBean>
        <addressing>Direct</addressing>
        <listenToMemory>no</listenToMemory>
      </memoryNamedBean>
      <compareTo>Value</compareTo>
      <variableOperation>Equal</variableOperation>
      <compareType>String</compareType>
      <caseInsensitive>no</caseInsensitive>
      <constant>Closed</constant>
      <regEx />
      <table>
        <tableName>
          <addressing>Direct</addressing>
        </tableName>
        <row>
          <addressing>Direct</addressing>
        </row>
        <column>
          <addressing>Direct</addressing>
        </column>
      </table>
      <MaleSocket>
        <AbstractDebuggerMaleSocket class="jmri.jmrit.logixng.tools.debugger.configurexml.DebuggerMaleDigitalExpressionSocketXml" />
        <AbstractMaleSocket enabled="yes" locked="no" system="no" catchAbortExecution="no" class="jmri.jmrit.logixng.implementation.configurexml.DefaultMaleDigitalExpressionSocketXml" DefaultMaleDigitalExpressionSocketListen="yes">
          <errorHandling>Default</errorHandling>
        </AbstractMaleSocket>
      </MaleSocket>
    </ExpressionLocalVariable>
  </LogixNGDigitalExpressions>
  <LogixNGDigitalActions class="jmri.jmrit.logixng.implementation.configurexml.DefaultDigitalActionManagerXml">
    <DigitalMany class="jmri.jmrit.logixng.actions.configurexml.DigitalManyXml">
      <systemName>IQDA:AUTO:0001</systemName>
      <Actions>
        <Socket>
          <socketName>A1</socketName>
          <systemName>IQDA:AUTO:0005</systemName>
        </Socket>
        <Socket>
          <socketName>A2</socketName>
          <systemName>IQDA:AUTO:0007</systemName>
        </Socket>
      </Actions>
      <MaleSocket>
        <AbstractDebuggerMaleSocket class="jmri.jmrit.logixng.tools.debugger.configurexml.DebuggerMaleDigitalActionSocketXml" />
        <AbstractMaleSocket enabled="yes" locked="no" system="no" catchAbortExecution="no" class="jmri.jmrit.logixng.implementation.configurexml.DefaultMaleDigitalActionSocketXml">
          <errorHandling>Default</errorHandling>
          <LocalVariable>
            <name>sensor</name>
            <type>None</type>
            <data />
          </LocalVariable>
          <LocalVariable>
            <name>turnout</name>
            <type>None</type>
            <data />
          </LocalVariable>
          <LocalVariable>
            <name>rowMap</name>
            <type>Map</type>
            <data />
          </LocalVariable>
          <LocalVariable>
            <name>stateName</name>
            <type>String</type>
            <data />
          </LocalVariable>
        </AbstractMaleSocket>
      </MaleSocket>
    </DigitalMany>
    <ActionListenOnBeansTable class="jmri.jmrit.logixng.actions.configurexml.ActionListenOnBeansTableXml" includeCellsWithoutHeader="no" listenOnAllProperties="no">
      <systemName>IQDA:AUTO:0005</systemName>
      <comment>The track sensors are a JMRI Sensor Group which only has one active sensor.
The yard-ladder.csv table provides the list of sensor names.</comment>
      <namedBean>
        <addressing>Direct</addressing>
        <name>Yard Ladder</name>
        <listenToMemory>no</listenToMemory>
      </namedBean>
      <rowOrColumnName>Track</rowOrColumnName>
      <tableRowOrColumn>Column</tableRowOrColumn>
      <namedBeanType>Sensor</namedBeanType>
      <localVariableNamedBean>sensor</localVariableNamedBean>
      <localVariableEvent />
      <localVariableNewValue />
      <MaleSocket>
        <AbstractDebuggerMaleSocket class="jmri.jmrit.logixng.tools.debugger.configurexml.DebuggerMaleDigitalActionSocketXml" />
        <AbstractMaleSocket enabled="yes" locked="no" system="no" catchAbortExecution="no" class="jmri.jmrit.logixng.implementation.configurexml.DefaultMaleDigitalActionSocketXml">
          <errorHandling>Default</errorHandling>
        </AbstractMaleSocket>
      </MaleSocket>
    </ActionListenOnBeansTable>
    <IfThenElse class="jmri.jmrit.logixng.actions.configurexml.IfThenElseXml" executeType="AlwaysExecute" evaluateType="EvaluateAll">
      <systemName>IQDA:AUTO:0007</systemName>
      <Expressions>
        <Socket>
          <socketName>If</socketName>
          <systemName>IQDE:AUTO:0001</systemName>
        </Socket>
      </Expressions>
      <Actions>
        <Socket>
          <socketName>Then</socketName>
          <systemName>IQDA:AUTO:0008</systemName>
        </Socket>
        <Socket>
          <socketName>Else</socketName>
        </Socket>
      </Actions>
      <MaleSocket>
        <AbstractDebuggerMaleSocket class="jmri.jmrit.logixng.tools.debugger.configurexml.DebuggerMaleDigitalActionSocketXml" />
        <AbstractMaleSocket enabled="yes" locked="no" system="no" catchAbortExecution="no" class="jmri.jmrit.logixng.implementation.configurexml.DefaultMaleDigitalActionSocketXml">
          <errorHandling>Default</errorHandling>
        </AbstractMaleSocket>
      </MaleSocket>
    </IfThenElse>
    <DigitalMany class="jmri.jmrit.logixng.actions.configurexml.DigitalManyXml">
      <systemName>IQDA:AUTO:0008</systemName>
      <Actions>
        <Socket>
          <socketName>B1</socketName>
          <systemName>IQDA:AUTO:0010</systemName>
        </Socket>
        <Socket>
          <socketName>B2</socketName>
          <systemName>IQDA:AUTO:0033</systemName>
        </Socket>
      </Actions>
      <MaleSocket>
        <AbstractDebuggerMaleSocket class="jmri.jmrit.logixng.tools.debugger.configurexml.DebuggerMaleDigitalActionSocketXml" />
        <AbstractMaleSocket enabled="yes" locked="no" system="no" catchAbortExecution="no" class="jmri.jmrit.logixng.implementation.configurexml.DefaultMaleDigitalActionSocketXml">
          <errorHandling>Default</errorHandling>
        </AbstractMaleSocket>
      </MaleSocket>
    </DigitalMany>
    <ActionFindTableRowOrColumn class="jmri.jmrit.logixng.actions.configurexml.ActionFindTableRowOrColumnXml" includeCellsWithoutHeader="no">
      <systemName>IQDA:AUTO:0010</systemName>
      <comment>The closed/thrown row for the sensor is returned as a key/value map.
The turnout name is the key and the value is Closed, Thrown or empty.</comment>
      <namedBean>
        <addressing>Direct</addressing>
        <name>Yard Ladder</name>
        <listenToMemory>no</listenToMemory>
      </namedBean>
      <rowOrColumnName>Track</rowOrColumnName>
      <tableRowOrColumn>Column</tableRowOrColumn>
      <localVariableNamedBean>sensor</localVariableNamedBean>
      <localVariableRow>rowMap</localVariableRow>
      <MaleSocket>
        <AbstractDebuggerMaleSocket class="jmri.jmrit.logixng.tools.debugger.configurexml.DebuggerMaleDigitalActionSocketXml" />
        <AbstractMaleSocket enabled="yes" locked="no" system="no" catchAbortExecution="no" class="jmri.jmrit.logixng.implementation.configurexml.DefaultMaleDigitalActionSocketXml">
          <errorHandling>Default</errorHandling>
        </AbstractMaleSocket>
      </MaleSocket>
    </ActionFindTableRowOrColumn>
    <ForEach class="jmri.jmrit.logixng.actions.configurexml.ForEachXml">
      <systemName>IQDA:AUTO:0033</systemName>
      <comment>The Java HashMap keySet() method returns a list of turnout names.</comment>
      <useCommonSource>no</useCommonSource>
      <commonManager>Sensors</commonManager>
      <operation>Formula</operation>
      <otherVariable>
        <addressing>Direct</addressing>
        <listenToMemory>no</listenToMemory>
      </otherVariable>
      <memoryNamedBean>
        <addressing>Direct</addressing>
        <listenToMemory>no</listenToMemory>
      </memoryNamedBean>
      <formula>rowMap.keySet()</formula>
      <localVariable>turnout</localVariable>
      <Socket>
        <socketName>C</socketName>
        <systemName>IQDA:AUTO:0035</systemName>
      </Socket>
      <MaleSocket>
        <AbstractDebuggerMaleSocket class="jmri.jmrit.logixng.tools.debugger.configurexml.DebuggerMaleDigitalActionSocketXml" />
        <AbstractMaleSocket enabled="yes" locked="no" system="no" catchAbortExecution="no" class="jmri.jmrit.logixng.implementation.configurexml.DefaultMaleDigitalActionSocketXml">
          <errorHandling>Default</errorHandling>
        </AbstractMaleSocket>
      </MaleSocket>
    </ForEach>
    <DigitalMany class="jmri.jmrit.logixng.actions.configurexml.DigitalManyXml">
      <systemName>IQDA:AUTO:0035</systemName>
      <Actions>
        <Socket>
          <socketName>C1</socketName>
          <systemName>IQDA:AUTO:0050</systemName>
        </Socket>
        <Socket>
          <socketName>C2</socketName>
          <systemName>IQDA:AUTO:0037</systemName>
        </Socket>
        <Socket>
          <socketName>A1</socketName>
        </Socket>
      </Actions>
      <MaleSocket>
        <AbstractDebuggerMaleSocket class="jmri.jmrit.logixng.tools.debugger.configurexml.DebuggerMaleDigitalActionSocketXml" />
        <AbstractMaleSocket enabled="yes" locked="no" system="no" catchAbortExecution="no" class="jmri.jmrit.logixng.implementation.configurexml.DefaultMaleDigitalActionSocketXml">
          <errorHandling>Default</errorHandling>
        </AbstractMaleSocket>
      </MaleSocket>
    </DigitalMany>
    <IfThenElse class="jmri.jmrit.logixng.actions.configurexml.IfThenElseXml" executeType="AlwaysExecute" evaluateType="EvaluateNeeded">
      <systemName>IQDA:AUTO:0037</systemName>
      <Expressions>
        <Socket>
          <socketName>If</socketName>
          <systemName>IQDE:AUTO:0015</systemName>
        </Socket>
      </Expressions>
      <Actions>
        <Socket>
          <socketName>Then</socketName>
          <systemName>IQDA:AUTO:0039</systemName>
        </Socket>
        <Socket>
          <socketName>Else</socketName>
          <systemName>IQDA:AUTO:0044</systemName>
        </Socket>
      </Actions>
      <MaleSocket>
        <AbstractDebuggerMaleSocket class="jmri.jmrit.logixng.tools.debugger.configurexml.DebuggerMaleDigitalActionSocketXml" />
        <AbstractMaleSocket enabled="yes" locked="no" system="no" catchAbortExecution="no" class="jmri.jmrit.logixng.implementation.configurexml.DefaultMaleDigitalActionSocketXml">
          <errorHandling>Default</errorHandling>
        </AbstractMaleSocket>
      </MaleSocket>
    </IfThenElse>
    <ActionTurnout class="jmri.jmrit.logixng.actions.configurexml.ActionTurnoutXml">
      <systemName>IQDA:AUTO:0039</systemName>
      <namedBean>
        <addressing>LocalVariable</addressing>
        <listenToMemory>no</listenToMemory>
        <localVariable>turnout</localVariable>
      </namedBean>
      <state>
        <addressing>LocalVariable</addressing>
        <enum>Thrown</enum>
        <listenToMemory>no</listenToMemory>
        <localVariable>stateName</localVariable>
      </state>
      <MaleSocket>
        <AbstractDebuggerMaleSocket class="jmri.jmrit.logixng.tools.debugger.configurexml.DebuggerMaleDigitalActionSocketXml" />
        <AbstractMaleSocket enabled="yes" locked="no" system="no" catchAbortExecution="no" class="jmri.jmrit.logixng.implementation.configurexml.DefaultMaleDigitalActionSocketXml">
          <errorHandling>Default</errorHandling>
        </AbstractMaleSocket>
      </MaleSocket>
    </ActionTurnout>
    <DigitalMany class="jmri.jmrit.logixng.actions.configurexml.DigitalManyXml">
      <systemName>IQDA:AUTO:0040</systemName>
      <Actions>
        <Socket>
          <socketName>A1</socketName>
          <systemName>IQDA:AUTO:0042</systemName>
        </Socket>
      </Actions>
      <MaleSocket>
        <AbstractDebuggerMaleSocket class="jmri.jmrit.logixng.tools.debugger.configurexml.DebuggerMaleDigitalActionSocketXml" />
        <AbstractMaleSocket enabled="yes" locked="no" system="no" catchAbortExecution="no" class="jmri.jmrit.logixng.implementation.configurexml.DefaultMaleDigitalActionSocketXml">
          <errorHandling>Default</errorHandling>
          <LocalVariable>
            <name>turnout</name>
            <type>None</type>
            <data />
          </LocalVariable>
        </AbstractMaleSocket>
      </MaleSocket>
    </DigitalMany>
    <ForEach class="jmri.jmrit.logixng.actions.configurexml.ForEachXml">
      <systemName>IQDA:AUTO:0042</systemName>
      <comment>Set turnouts closed</comment>
      <useCommonSource>yes</useCommonSource>
      <commonManager>Turnouts</commonManager>
      <operation>Variable</operation>
      <otherVariable>
        <addressing>Direct</addressing>
        <listenToMemory>no</listenToMemory>
      </otherVariable>
      <memoryNamedBean>
        <addressing>Direct</addressing>
        <listenToMemory>no</listenToMemory>
      </memoryNamedBean>
      <formula />
      <localVariable>turnout</localVariable>
      <Socket>
        <socketName>A</socketName>
        <systemName>IQDA:AUTO:0043</systemName>
      </Socket>
      <MaleSocket>
        <AbstractDebuggerMaleSocket class="jmri.jmrit.logixng.tools.debugger.configurexml.DebuggerMaleDigitalActionSocketXml" />
        <AbstractMaleSocket enabled="yes" locked="no" system="no" catchAbortExecution="no" class="jmri.jmrit.logixng.implementation.configurexml.DefaultMaleDigitalActionSocketXml">
          <errorHandling>Default</errorHandling>
        </AbstractMaleSocket>
      </MaleSocket>
    </ForEach>
    <ActionTurnout class="jmri.jmrit.logixng.actions.configurexml.ActionTurnoutXml">
      <systemName>IQDA:AUTO:0043</systemName>
      <namedBean>
        <addressing>LocalVariable</addressing>
        <listenToMemory>no</listenToMemory>
        <localVariable>turnout</localVariable>
      </namedBean>
      <state>
        <addressing>Direct</addressing>
        <enum>Closed</enum>
        <listenToMemory>no</listenToMemory>
      </state>
      <MaleSocket>
        <AbstractDebuggerMaleSocket class="jmri.jmrit.logixng.tools.debugger.configurexml.DebuggerMaleDigitalActionSocketXml" />
        <AbstractMaleSocket enabled="yes" locked="no" system="no" catchAbortExecution="no" class="jmri.jmrit.logixng.implementation.configurexml.DefaultMaleDigitalActionSocketXml">
          <errorHandling>Default</errorHandling>
        </AbstractMaleSocket>
      </MaleSocket>
    </ActionTurnout>
    <LogData class="jmri.jmrit.logixng.actions.configurexml.LogDataXml">
      <systemName>IQDA:AUTO:0044</systemName>
      <logToLog>yes</logToLog>
      <logToScriptOutput>no</logToScriptOutput>
      <formatType>StringFormat</formatType>
      <format>no change needed for %s</format>
      <DataList>
        <Data>
          <type>LocalVariable</type>
          <data>turnout</data>
        </Data>
      </DataList>
      <MaleSocket>
        <AbstractDebuggerMaleSocket class="jmri.jmrit.logixng.tools.debugger.configurexml.DebuggerMaleDigitalActionSocketXml" />
        <AbstractMaleSocket enabled="yes" locked="no" system="no" catchAbortExecution="no" class="jmri.jmrit.logixng.implementation.configurexml.DefaultMaleDigitalActionSocketXml">
          <errorHandling>Default</errorHandling>
        </AbstractMaleSocket>
      </MaleSocket>
    </LogData>
    <DigitalMany class="jmri.jmrit.logixng.actions.configurexml.DigitalManyXml">
      <systemName>IQDA:AUTO:0046</systemName>
      <Actions>
        <Socket>
          <socketName>A1</socketName>
          <systemName>IQDA:AUTO:0047</systemName>
        </Socket>
        <Socket>
          <socketName>A2</socketName>
        </Socket>
      </Actions>
      <MaleSocket>
        <AbstractDebuggerMaleSocket class="jmri.jmrit.logixng.tools.debugger.configurexml.DebuggerMaleDigitalActionSocketXml" />
        <AbstractMaleSocket enabled="yes" locked="no" system="no" catchAbortExecution="no" class="jmri.jmrit.logixng.implementation.configurexml.DefaultMaleDigitalActionSocketXml">
          <errorHandling>Default</errorHandling>
        </AbstractMaleSocket>
      </MaleSocket>
    </DigitalMany>
    <IfThenElse class="jmri.jmrit.logixng.actions.configurexml.IfThenElseXml" executeType="AlwaysExecute" evaluateType="EvaluateAll">
      <systemName>IQDA:AUTO:0047</systemName>
      <Expressions>
        <Socket>
          <socketName>If</socketName>
          <systemName>IQDE:AUTO:0009</systemName>
        </Socket>
      </Expressions>
      <Actions>
        <Socket>
          <socketName>Then</socketName>
          <systemName>IQDA:AUTO:0048</systemName>
        </Socket>
        <Socket>
          <socketName>Else</socketName>
        </Socket>
      </Actions>
      <MaleSocket>
        <AbstractDebuggerMaleSocket class="jmri.jmrit.logixng.tools.debugger.configurexml.DebuggerMaleDigitalActionSocketXml" />
        <AbstractMaleSocket enabled="yes" locked="no" system="no" catchAbortExecution="no" class="jmri.jmrit.logixng.implementation.configurexml.DefaultMaleDigitalActionSocketXml">
          <errorHandling>Default</errorHandling>
        </AbstractMaleSocket>
      </MaleSocket>
    </IfThenElse>
    <IfThenElse class="jmri.jmrit.logixng.actions.configurexml.IfThenElseXml" executeType="AlwaysExecute" evaluateType="EvaluateAll">
      <systemName>IQDA:AUTO:0048</systemName>
      <Expressions>
        <Socket>
          <socketName>If</socketName>
          <systemName>IQDE:AUTO:0010</systemName>
        </Socket>
        <Socket>
          <socketName>Else_If_1</socketName>
          <systemName>IQDE:AUTO:0013</systemName>
        </Socket>
      </Expressions>
      <Actions>
        <Socket>
          <socketName>Then</socketName>
          <systemName>IQDA:AUTO:0049</systemName>
        </Socket>
        <Socket>
          <socketName>Then_1</socketName>
        </Socket>
        <Socket>
          <socketName>Else</socketName>
        </Socket>
      </Actions>
      <MaleSocket>
        <AbstractDebuggerMaleSocket class="jmri.jmrit.logixng.tools.debugger.configurexml.DebuggerMaleDigitalActionSocketXml" />
        <AbstractMaleSocket enabled="yes" locked="no" system="no" catchAbortExecution="no" class="jmri.jmrit.logixng.implementation.configurexml.DefaultMaleDigitalActionSocketXml">
          <errorHandling>Default</errorHandling>
        </AbstractMaleSocket>
      </MaleSocket>
    </IfThenElse>
    <ActionTurnout class="jmri.jmrit.logixng.actions.configurexml.ActionTurnoutXml">
      <systemName>IQDA:AUTO:0049</systemName>
      <namedBean>
        <addressing>LocalVariable</addressing>
        <listenToMemory>no</listenToMemory>
        <localVariable>turnout</localVariable>
      </namedBean>
      <state>
        <addressing>Direct</addressing>
        <enum>Thrown</enum>
        <listenToMemory>no</listenToMemory>
      </state>
      <MaleSocket>
        <AbstractDebuggerMaleSocket class="jmri.jmrit.logixng.tools.debugger.configurexml.DebuggerMaleDigitalActionSocketXml" />
        <AbstractMaleSocket enabled="yes" locked="no" system="no" catchAbortExecution="no" class="jmri.jmrit.logixng.implementation.configurexml.DefaultMaleDigitalActionSocketXml">
          <errorHandling>Default</errorHandling>
        </AbstractMaleSocket>
      </MaleSocket>
    </ActionTurnout>
    <ActionLocalVariable class="jmri.jmrit.logixng.actions.configurexml.ActionLocalVariableXml">
      <systemName>IQDA:AUTO:0050</systemName>
      <variable>stateName</variable>
      <memoryNamedBean>
        <addressing>Direct</addressing>
        <listenToMemory>no</listenToMemory>
      </memoryNamedBean>
      <listenToMemory>no</listenToMemory>
      <blockNamedBean>
        <addressing>Direct</addressing>
        <listenToMemory>no</listenToMemory>
      </blockNamedBean>
      <listenToBlock>no</listenToBlock>
      <reporterNamedBean>
        <addressing>Direct</addressing>
        <listenToMemory>no</listenToMemory>
      </reporterNamedBean>
      <listenToReporter>no</listenToReporter>
      <variableOperation>CalculateFormula</variableOperation>
      <constant />
      <otherVariable>rowMap{turnout}</otherVariable>
      <reference />
      <formula>rowMap{turnout}</formula>
      <table>
        <tableName>
          <addressing>Direct</addressing>
        </tableName>
        <row>
          <addressing>Direct</addressing>
        </row>
        <column>
          <addressing>Direct</addressing>
        </column>
      </table>
      <MaleSocket>
        <AbstractDebuggerMaleSocket class="jmri.jmrit.logixng.tools.debugger.configurexml.DebuggerMaleDigitalActionSocketXml" />
        <AbstractMaleSocket enabled="yes" locked="no" system="no" catchAbortExecution="no" class="jmri.jmrit.logixng.implementation.configurexml.DefaultMaleDigitalActionSocketXml">
          <errorHandling>Default</errorHandling>
        </AbstractMaleSocket>
      </MaleSocket>
    </ActionLocalVariable>
  </LogixNGDigitalActions>
  <LayoutEditor class="jmri.jmrit.display.layoutEditor.configurexml.LayoutEditorXml" name="My Layout" x="517" y="72" windowheight="251" windowwidth="495" panelheight="220" panelwidth="470" sliders="no" scrollable="none" editable="no" positionable="yes" controlling="yes" animating="yes" showhelpbar="no" drawgrid="no" snaponadd="no" snaponmove="no" antialiasing="yes" turnoutcircles="no" tooltipsnotedit="no" tooltipsinedit="yes" mainlinetrackwidth="4" xscale="1.0" yscale="1.0" sidetrackwidth="2" defaulttrackcolor="darkGray" defaultoccupiedtrackcolor="red" defaultalternativetrackcolor="white" defaulttextcolor="black" turnoutcirclecolor="black" turnoutcirclesize="2" turnoutdrawunselectedleg="yes" turnoutbx="20.0" turnoutcx="20.0" turnoutwid="10.0" xoverlong="30.0" xoverhwid="10.0" xovershort="10.0" autoblkgenerate="no" redBackground="192" greenBackground="192" blueBackground="192" gridSize="10" gridSize2nd="10" openDispatcher="no" useDirectTurnoutControl="no">
    <layoutTrackDrawingOptions name="My Layout" class="jmri.jmrit.display.layoutEditor.configurexml.LayoutTrackDrawingOptionsXml">
      <mainBallastColor>#000000</mainBallastColor>
      <mainBallastWidth>0</mainBallastWidth>
      <mainBlockLineDashPercentageX10>0</mainBlockLineDashPercentageX10>
      <mainBlockLineWidth>4</mainBlockLineWidth>
      <mainRailColor>#404040</mainRailColor>
      <mainRailCount>1</mainRailCount>
      <mainRailGap>0</mainRailGap>
      <mainRailWidth>2</mainRailWidth>
      <mainTieColor>#000000</mainTieColor>
      <mainTieGap>0</mainTieGap>
      <mainTieLength>0</mainTieLength>
      <mainTieWidth>0</mainTieWidth>
      <sideBallastColor>#000000</sideBallastColor>
      <sideBallastWidth>0</sideBallastWidth>
      <sideBlockLineDashPercentageX10>0</sideBlockLineDashPercentageX10>
      <sideBlockLineWidth>2</sideBlockLineWidth>
      <sideRailColor>#404040</sideRailColor>
      <sideRailCount>1</sideRailCount>
      <sideRailGap>0</sideRailGap>
      <sideRailWidth>1</sideRailWidth>
      <sideTieColor>#000000</sideTieColor>
      <sideTieGap>0</sideTieGap>
      <sideTieLength>0</sideTieLength>
      <sideTieWidth>0</sideTieWidth>
    </layoutTrackDrawingOptions>
    <sensoricon sensor="One" x="200" y="60" level="10" forcecontroloff="false" hidden="no" positionable="true" showtooltip="false" editable="false" momentary="false" icon="no" text="One" size="13" style="0" red="255" green="255" blue="255" hasBackground="yes" redBack="0" greenBack="0" blueBack="0" fixedWidth="40" fixedHeight="20" justification="centre" class="jmri.jmrit.display.configurexml.SensorIconXml">
      <active url="program:resources/icons/smallschematics/tracksegments/circuit-occupied.gif" degrees="0" scale="1.0">
        <rotation>0</rotation>
      </active>
      <inactive url="program:resources/icons/smallschematics/tracksegments/circuit-empty.gif" degrees="0" scale="1.0">
        <rotation>0</rotation>
      </inactive>
      <unknown url="program:resources/icons/smallschematics/tracksegments/circuit-error.gif" degrees="0" scale="1.0">
        <rotation>0</rotation>
      </unknown>
      <inconsistent url="program:resources/icons/smallschematics/tracksegments/circuit-error.gif" degrees="0" scale="1.0">
        <rotation>0</rotation>
      </inconsistent>
      <iconmaps />
      <activeText text="One" red="0" green="0" blue="0" redBack="255" greenBack="255" blueBack="255" />
      <inactiveText text="One" red="255" green="255" blue="255" redBack="0" greenBack="0" blueBack="0" />
      <unknownText text="One" red="0" green="0" blue="255" />
      <inconsistentText text="One" red="0" green="0" blue="0" />
    </sensoricon>
    <sensoricon sensor="Two" x="250" y="90" level="10" forcecontroloff="false" hidden="no" positionable="true" showtooltip="false" editable="false" momentary="false" icon="no" text="Two" size="13" style="0" red="255" green="255" blue="255" hasBackground="yes" redBack="0" greenBack="0" blueBack="0" fixedWidth="40" fixedHeight="20" justification="centre" class="jmri.jmrit.display.configurexml.SensorIconXml">
      <active url="program:resources/icons/smallschematics/tracksegments/circuit-occupied.gif" degrees="0" scale="1.0">
        <rotation>0</rotation>
      </active>
      <inactive url="program:resources/icons/smallschematics/tracksegments/circuit-empty.gif" degrees="0" scale="1.0">
        <rotation>0</rotation>
      </inactive>
      <unknown url="program:resources/icons/smallschematics/tracksegments/circuit-error.gif" degrees="0" scale="1.0">
        <rotation>0</rotation>
      </unknown>
      <inconsistent url="program:resources/icons/smallschematics/tracksegments/circuit-error.gif" degrees="0" scale="1.0">
        <rotation>0</rotation>
      </inconsistent>
      <iconmaps />
      <activeText text="Two" red="0" green="0" blue="0" redBack="255" greenBack="255" blueBack="255" />
      <inactiveText text="Two" red="255" green="255" blue="255" redBack="0" greenBack="0" blueBack="0" />
      <unknownText text="Two" red="0" green="0" blue="255" />
      <inconsistentText text="Two" red="0" green="0" blue="0" />
    </sensoricon>
    <sensoricon sensor="Three" x="300" y="120" level="10" forcecontroloff="false" hidden="no" positionable="true" showtooltip="false" editable="false" momentary="false" icon="no" text="Three" size="13" style="0" red="255" green="255" blue="255" hasBackground="yes" redBack="0" greenBack="0" blueBack="0" fixedWidth="40" fixedHeight="20" justification="centre" class="jmri.jmrit.display.configurexml.SensorIconXml">
      <active url="program:resources/icons/smallschematics/tracksegments/circuit-occupied.gif" degrees="0" scale="1.0">
        <rotation>0</rotation>
      </active>
      <inactive url="program:resources/icons/smallschematics/tracksegments/circuit-empty.gif" degrees="0" scale="1.0">
        <rotation>0</rotation>
      </inactive>
      <unknown url="program:resources/icons/smallschematics/tracksegments/circuit-error.gif" degrees="0" scale="1.0">
        <rotation>0</rotation>
      </unknown>
      <inconsistent url="program:resources/icons/smallschematics/tracksegments/circuit-error.gif" degrees="0" scale="1.0">
        <rotation>0</rotation>
      </inconsistent>
      <iconmaps />
      <activeText text="Three" red="0" green="0" blue="0" redBack="255" greenBack="255" blueBack="255" />
      <inactiveText text="Three" red="255" green="255" blue="255" redBack="0" greenBack="0" blueBack="0" />
      <unknownText text="Three" red="0" green="0" blue="255" />
      <inconsistentText text="Three" red="0" green="0" blue="0" />
    </sensoricon>
    <sensoricon sensor="Four" x="350" y="150" level="10" forcecontroloff="false" hidden="no" positionable="true" showtooltip="false" editable="false" momentary="false" icon="no" text="Four" size="13" style="0" red="255" green="255" blue="255" hasBackground="yes" redBack="0" greenBack="0" blueBack="0" fixedWidth="40" fixedHeight="20" justification="centre" class="jmri.jmrit.display.configurexml.SensorIconXml">
      <active url="program:resources/icons/smallschematics/tracksegments/circuit-occupied.gif" degrees="0" scale="1.0">
        <rotation>0</rotation>
      </active>
      <inactive url="program:resources/icons/smallschematics/tracksegments/circuit-empty.gif" degrees="0" scale="1.0">
        <rotation>0</rotation>
      </inactive>
      <unknown url="program:resources/icons/smallschematics/tracksegments/circuit-error.gif" degrees="0" scale="1.0">
        <rotation>0</rotation>
      </unknown>
      <inconsistent url="program:resources/icons/smallschematics/tracksegments/circuit-error.gif" degrees="0" scale="1.0">
        <rotation>0</rotation>
      </inconsistent>
      <iconmaps />
      <activeText text="Four" red="0" green="0" blue="0" redBack="255" greenBack="255" blueBack="255" />
      <inactiveText text="Four" red="255" green="255" blue="255" redBack="0" greenBack="0" blueBack="0" />
      <unknownText text="Four" red="0" green="0" blue="255" />
      <inconsistentText text="Four" red="0" green="0" blue="0" />
    </sensoricon>
    <positionablelabel x="120" y="80" level="4" forcecontroloff="false" hidden="no" positionable="true" showtooltip="false" editable="false" text="T1" size="13" style="0" red="0" green="0" blue="0" hasBackground="no" justification="centre" class="jmri.jmrit.display.configurexml.PositionableLabelXml" />
    <positionablelabel x="150" y="110" level="4" forcecontroloff="false" hidden="no" positionable="true" showtooltip="false" editable="false" text="T2" size="13" style="0" red="0" green="0" blue="0" hasBackground="no" justification="centre" class="jmri.jmrit.display.configurexml.PositionableLabelXml" />
    <positionablelabel x="180" y="140" level="4" forcecontroloff="false" hidden="no" positionable="true" showtooltip="false" editable="false" text="T3" size="13" style="0" red="0" green="0" blue="0" hasBackground="no" justification="centre" class="jmri.jmrit.display.configurexml.PositionableLabelXml" />
    <layoutturnout ident="TO1" type="RH_TURNOUT" hidden="no" disabled="no" disableWhenOccupied="no" continuing="2" xcen="140.0" ycen="70.0" xa="120.0" ya="70.0" xb="160.0" yb="70.0" xc="160.0" yc="90.0" xd="120.0" yd="70.0" ver="1" class="jmri.jmrit.display.layoutEditor.configurexml.LayoutRHTurnoutXml" turnoutname="T1" connectaname="T3" connectbname="T4" connectcname="T1" />
    <layoutturnout ident="TO2" type="LH_TURNOUT" hidden="no" disabled="no" disableWhenOccupied="no" continuing="2" xcen="170.0" ycen="100.0" xa="155.8578643798828" ya="85.85786437988281" xb="184.1421356201172" yb="114.14213562011719" xc="190.0" yc="100.0" xd="155.8578643798828" yd="85.85786437988281" ver="1" class="jmri.jmrit.display.layoutEditor.configurexml.LayoutLHTurnoutXml" turnoutname="T2" connectaname="T1" connectbname="T2" connectcname="T5" />
    <layoutturnout ident="TO4" type="LH_TURNOUT" hidden="no" disabled="no" disableWhenOccupied="no" continuing="2" xcen="200.0" ycen="130.0" xa="190.0" ya="120.0" xb="210.0" yb="140.0" xc="220.0" yc="130.0" xd="190.0" yd="120.0" ver="1" class="jmri.jmrit.display.layoutEditor.configurexml.LayoutLHTurnoutXml" turnoutname="T3" connectaname="T2" connectbname="T7" connectcname="T6" />
    <tracksegment ident="T1" connect1name="TO2" type1="TURNOUT_A" connect2name="TO1" type2="TURNOUT_C" dashed="no" mainline="yes" hidden="no" class="jmri.jmrit.display.layoutEditor.configurexml.TrackSegmentXml" />
    <tracksegment ident="T2" connect1name="TO4" type1="TURNOUT_A" connect2name="TO2" type2="TURNOUT_B" dashed="no" mainline="yes" hidden="no" class="jmri.jmrit.display.layoutEditor.configurexml.TrackSegmentXml" />
    <tracksegment ident="T3" connect1name="EB1" type1="POS_POINT" connect2name="TO1" type2="TURNOUT_A" dashed="no" mainline="yes" hidden="no" class="jmri.jmrit.display.layoutEditor.configurexml.TrackSegmentXml" />
    <tracksegment ident="T4" connect1name="TO1" type1="TURNOUT_B" connect2name="EB2" type2="POS_POINT" dashed="no" mainline="yes" hidden="no" class="jmri.jmrit.display.layoutEditor.configurexml.TrackSegmentXml" />
    <tracksegment ident="T5" connect1name="TO2" type1="TURNOUT_C" connect2name="EB3" type2="POS_POINT" dashed="no" mainline="yes" hidden="no" class="jmri.jmrit.display.layoutEditor.configurexml.TrackSegmentXml" />
    <tracksegment ident="T6" connect1name="TO4" type1="TURNOUT_C" connect2name="EB4" type2="POS_POINT" dashed="no" mainline="yes" hidden="no" class="jmri.jmrit.display.layoutEditor.configurexml.TrackSegmentXml" />
    <tracksegment ident="T7" connect1name="A1" type1="POS_POINT" connect2name="TO4" type2="TURNOUT_B" dashed="no" mainline="yes" hidden="no" class="jmri.jmrit.display.layoutEditor.configurexml.TrackSegmentXml" />
    <tracksegment ident="T8" connect1name="A1" type1="POS_POINT" connect2name="EB5" type2="POS_POINT" dashed="no" mainline="yes" hidden="no" class="jmri.jmrit.display.layoutEditor.configurexml.TrackSegmentXml" />
    <positionablepoint ident="EB1" type="END_BUMPER" x="60.0" y="70.0" connect1name="T3" class="jmri.jmrit.display.layoutEditor.configurexml.PositionablePointXml" />
    <positionablepoint ident="EB2" type="END_BUMPER" x="420.0" y="70.0" connect1name="T4" class="jmri.jmrit.display.layoutEditor.configurexml.PositionablePointXml" />
    <positionablepoint ident="EB3" type="END_BUMPER" x="420.0" y="100.0" connect1name="T5" class="jmri.jmrit.display.layoutEditor.configurexml.PositionablePointXml" />
    <positionablepoint ident="EB4" type="END_BUMPER" x="420.0" y="130.0" connect1name="T6" class="jmri.jmrit.display.layoutEditor.configurexml.PositionablePointXml" />
    <positionablepoint ident="EB5" type="END_BUMPER" x="420.0" y="160.0" connect1name="T8" class="jmri.jmrit.display.layoutEditor.configurexml.PositionablePointXml" />
    <positionablepoint ident="A1" type="ANCHOR" x="230.0" y="160.0" connect1name="T7" connect2name="T8" class="jmri.jmrit.display.layoutEditor.configurexml.PositionablePointXml" />
  </LayoutEditor>
  <filehistory>
    <operation>
      <type>app</type>
      <date>Fri May 24 09:46:16 CDT 2024</date>
      <filename>JMRI program</filename>
    </operation>
    <operation>
      <type>Load OK</type>
      <date>Fri May 24 09:46:23 CDT 2024</date>
      <filename>/Users/das/JMRI/_Profiles/LogixNG.jmri/yard-ladder-example.xml</filename>
      <filehistory>
        <operation>
          <type>app</type>
          <date>Fri May 24 09:43:02 CDT 2024</date>
          <filename>JMRI program</filename>
        </operation>
        <operation>
          <type>Load OK</type>
          <date>Fri May 24 09:43:09 CDT 2024</date>
          <filename>/Users/das/JMRI/_Profiles/LogixNG.jmri/yard-ladder-example.xml</filename>
          <filehistory>
            <operation>
              <type>app</type>
              <date>Fri May 24 08:45:37 CDT 2024</date>
              <filename>JMRI program</filename>
            </operation>
            <operation>
              <type>Load OK</type>
              <date>Fri May 24 08:45:45 CDT 2024</date>
              <filename>/Users/das/JMRI/_Profiles/LogixNG.jmri/yard-ladder-demo.xml</filename>
              <filehistory>
                <operation>
                  <type>app</type>
                  <date>Thu May 23 14:59:35 CDT 2024</date>
                  <filename>PanelPro (v5.7.5)</filename>
                </operation>
                <operation>
                  <type>Load OK</type>
                  <date>Thu May 23 14:59:43 CDT 2024</date>
                  <filename>/Users/das/JMRI/_Profiles/LogixNG.jmri/yard-ladder-demo.xml</filename>
                  <filehistory>
                    <operation>
                      <type>app</type>
                      <date>Thu May 23 14:52:24 CDT 2024</date>
                      <filename>PanelPro (v5.7.5)</filename>
                    </operation>
                    <operation>
                      <type>Load OK</type>
                      <date>Thu May 23 14:52:34 CDT 2024</date>
                      <filename>/Users/das/JMRI/_Profiles/LogixNG.jmri/yard-ladder-demo.xml</filename>
                      <filehistory>
                        <operation>
                          <type>app</type>
                          <date>Sun May 19 17:06:03 CDT 2024</date>
                          <filename>PanelPro (v5.7.5)</filename>
                        </operation>
                        <operation>
                          <type>Load OK</type>
                          <date>Sun May 19 17:06:12 CDT 2024</date>
                          <filename>/Users/das/JMRI/_Profiles/LogixNG.jmri/yard-ladder-demo.xml</filename>
                        </operation>
                        <operation>
                          <type>Store</type>
                          <date>Sun May 19 17:06:35 CDT 2024</date>
                          <filename>/Users/das/JMRI/_Profiles/LogixNG.jmri/yard-ladder-demo.xml</filename>
                        </operation>
                      </filehistory>
                    </operation>
                    <operation>
                      <type>Store</type>
                      <date>Thu May 23 14:59:27 CDT 2024</date>
                      <filename>/Users/das/JMRI/_Profiles/LogixNG.jmri/yard-ladder-demo.xml</filename>
                    </operation>
                  </filehistory>
                </operation>
                <operation>
                  <type>Store</type>
                  <date>Fri May 24 08:45:26 CDT 2024</date>
                  <filename>/Users/das/JMRI/_Profiles/LogixNG.jmri/yard-ladder-demo.xml</filename>
                </operation>
              </filehistory>
            </operation>
            <operation>
              <type>Store</type>
              <date>Fri May 24 09:26:05 CDT 2024</date>
              <filename />
            </operation>
          </filehistory>
        </operation>
        <operation>
          <type>Store</type>
          <date>Fri May 24 09:45:20 CDT 2024</date>
          <filename />
        </operation>
      </filehistory>
    </operation>
    <operation>
      <type>Store</type>
      <date>Fri May 24 09:53:30 CDT 2024</date>
      <filename />
    </operation>
  </filehistory>
  <!--Written by JMRI version 5.6+R89a87446cb on Fri May 24 09:53:30 CDT 2024-->
</layout-config>
