<?xml version="1.0" encoding="UTF-8"?>
<?xml-stylesheet href="/xml/XSLT/panelfile-4-19-2.xsl" type="text/xsl"?>
<layout-config xmlns:xsi="http://www.w3.org/2001/XMLSchema-instance" xsi:noNamespaceSchemaLocation="http://jmri.org/xml/schema/layout-4-19-2.xsd">
  <jmriversion>
    <major>4</major>
    <minor>21</minor>
    <test>3</test>
    <modifier>ish</modifier>
  </jmriversion>
  <sensors class="jmri.jmrix.internal.configurexml.InternalSensorManagerXml">
    <defaultInitialState>unknown</defaultInitialState>
    <sensor inverted="false">
      <systemName>ISCLOCKRUNNING</systemName>
    </sensor>
    <sensor inverted="false">
      <systemName>IS_1_1</systemName>
    </sensor>
  </sensors>
  <turnouts class="jmri.jmrix.internal.configurexml.InternalTurnoutManagerXml">
    <operations automate="false">
      <operation name="NoFeedback" class="jmri.configurexml.turnoutoperations.NoFeedbackTurnoutOperationXml" interval="300" maxtries="2" />
      <operation name="Raw" class="jmri.configurexml.turnoutoperations.RawTurnoutOperationXml" interval="300" maxtries="1" />
      <operation name="Sensor" class="jmri.configurexml.turnoutoperations.SensorTurnoutOperationXml" interval="300" maxtries="3" />
    </operations>
    <defaultclosedspeed>Normal</defaultclosedspeed>
    <defaultthrownspeed>Restricted</defaultthrownspeed>
    <turnout feedback="DIRECT" inverted="false" automate="Off">
      <systemName>IT_1_1</systemName>
    </turnout>
    <turnout feedback="DIRECT" inverted="false" automate="Off">
      <systemName>IT_99_1</systemName>
    </turnout>
  </turnouts>
  <memories class="jmri.managers.configurexml.DefaultMemoryManagerXml">
    <memory value="1:39 AM">
      <systemName>IMCURRENTTIME</systemName>
    </memory>
    <memory value="1.0">
      <systemName>IMRATEFACTOR</systemName>
    </memory>
  </memories>
  <signalmastlogics class="jmri.managers.configurexml.DefaultSignalMastLogicManagerXml">
    <logicDelay>500</logicDelay>
  </signalmastlogics>
  <timebase class="jmri.jmrit.simpleclock.configurexml.SimpleTimebaseXml" time="Mon Nov 09 00:32:35 CET 2020" rate="1.0" startrate="1.0" run="yes" master="yes" sync="no" correct="no" display="no" startstopped="no" startrunning="yes" startsettime="no" startclockoption="0" showbutton="no" startsetrate="yes" />
  <logixngs class="jmri.jmrit.logixng.implementation.configurexml.DefaultLogixNGManagerXml">
    <logixng enabled="yes">
      <systemName>IQ:AUTO:0001</systemName>
      <userName>Tutorial LogixNG</userName>
      <conditionalngs>
        <conditionalNG_SystemName>IQC:AUTO:0001</conditionalNG_SystemName>
        <conditionalNG_SystemName>IQC:AUTO:0002</conditionalNG_SystemName>
      </conditionalngs>
    </logixng>
  </logixngs>
  <logixngConditionalNGs class="jmri.jmrit.logixng.implementation.configurexml.DefaultConditionalNGManagerXml">
    <conditionalng enabled="yes">
      <systemName>IQC:AUTO:0001</systemName>
      <userName>1. Basics</userName>
      <socket>
        <socketName>A</socketName>
        <systemName>IQDA:AUTO:0001</systemName>
      </socket>
    </conditionalng>
    <conditionalng enabled="yes">
      <systemName>IQC:AUTO:0002</systemName>
      <userName>99. Adding a new action/expression</userName>
      <socket>
        <socketName>A</socketName>
        <systemName>IQDA:AUTO:0003</systemName>
      </socket>
    </conditionalng>
  </logixngConditionalNGs>
  <logixngDigitalExpressions class="jmri.jmrit.logixng.implementation.configurexml.DefaultDigitalExpressionManagerXml">
    <expression-sensor class="jmri.jmrit.logixng.expressions.configurexml.ExpressionSensorXml">
      <systemName>IQDE:AUTO:0001</systemName>
      <sensor>IS_1_1</sensor>
      <is_isNot>Is</is_isNot>
      <sensorState>Active</sensorState>
    </expression-sensor>
    <expression-loconet-slot-usage class="jmri.jmrix.loconet.logixng.configurexml.ExpressionSlotUsageXml">
      <systemName>IQDE:AUTO:0002</systemName>
      <systemConnection>L</systemConnection>
      <advanced>no</advanced>
      <has_hasNot>Has</has_hasNot>
      <simpleState>InUse</simpleState>
      <advancedStates />
      <compare>LessThan</compare>
      <number>0</number>
      <percentPieces>Pieces</percentPieces>
    </expression-loconet-slot-usage>
  </logixngDigitalExpressions>
  <logixngDigitalActions class="jmri.jmrit.logixng.implementation.configurexml.DefaultDigitalActionManagerXml">
    <if-then-else class="jmri.jmrit.logixng.actions.configurexml.IfThenElseXml" type="TRIGGER_ACTION">
      <systemName>IQDA:AUTO:0001</systemName>
      <ifSocket>
        <socketName>E</socketName>
        <systemName>IQDE:AUTO:0001</systemName>
      </ifSocket>
      <thenSocket>
        <socketName>A1</socketName>
        <systemName>IQDA:AUTO:0002</systemName>
      </thenSocket>
      <elseSocket>
        <socketName>A2</socketName>
      </elseSocket>
    </if-then-else>
    <action-turnout class="jmri.jmrit.logixng.actions.configurexml.ActionTurnoutXml">
      <systemName>IQDA:AUTO:0002</systemName>
      <turnout>IT_1_1</turnout>
      <turnoutState>Thrown</turnoutState>
    </action-turnout>
    <if-then-else class="jmri.jmrit.logixng.actions.configurexml.IfThenElseXml" type="TRIGGER_ACTION">
      <systemName>IQDA:AUTO:0003</systemName>
      <ifSocket>
        <socketName>E</socketName>
        <systemName>IQDE:AUTO:0002</systemName>
      </ifSocket>
      <thenSocket>
        <socketName>A1</socketName>
        <systemName>IQDA:AUTO:0004</systemName>
      </thenSocket>
      <elseSocket>
        <socketName>A2</socketName>
      </elseSocket>
    </if-then-else>
    <action-turnout class="jmri.jmrit.logixng.actions.configurexml.ActionTurnoutXml">
      <systemName>IQDA:AUTO:0004</systemName>
      <turnout>IT_99_1</turnout>
      <turnoutState>Closed</turnoutState>
    </action-turnout>
  </logixngDigitalActions>
  <paneleditor class="jmri.jmrit.display.panelEditor.configurexml.PanelEditorXml" name="Panel " x="1029" y="128" height="528" width="702" editable="yes" positionable="yes" showtooltips="yes" controlling="yes" hide="yes" panelmenu="yes" scrollable="both" redBackground="255" greenBackground="255" blueBackground="255">
    <sensoricon sensor="IS_1_1" x="37" y="22" level="10" forcecontroloff="false" hidden="no" positionable="true" showtooltip="true" editable="true" momentary="false" icon="yes" class="jmri.jmrit.display.configurexml.SensorIconXml">
      <active url="program:resources/icons/smallschematics/tracksegments/circuit-occupied.gif" degrees="0" scale="1.0">
        <rotation>0</rotation>
      </active>
      <inactive url="program:resources/icons/smallschematics/tracksegments/circuit-empty.gif" degrees="0" scale="1.0">
        <rotation>0</rotation>
      </inactive>
      <unknown url="program:resources/icons/smallschematics/tracksegments/circuit-error.gif" degrees="0" scale="1.0">
        <rotation>0</rotation>
      </unknown>
      <inconsistent url="program:resources/icons/smallschematics/tracksegments/circuit-error.gif" degrees="0" scale="1.0">
        <rotation>0</rotation>
      </inconsistent>
      <iconmaps />
    </sensoricon>
    <turnouticon turnout="IT_1_1" x="85" y="8" level="7" forcecontroloff="false" hidden="no" positionable="true" showtooltip="true" editable="true" tristate="false" momentary="false" directControl="false" class="jmri.jmrit.display.configurexml.TurnoutIconXml">
      <icons>
        <closed url="program:resources/icons/smallschematics/tracksegments/os-lefthand-east-closed.gif" degrees="0" scale="1.0">
          <rotation>0</rotation>
        </closed>
        <thrown url="program:resources/icons/smallschematics/tracksegments/os-lefthand-east-thrown.gif" degrees="0" scale="1.0">
          <rotation>0</rotation>
        </thrown>
        <unknown url="program:resources/icons/smallschematics/tracksegments/os-lefthand-east-unknown.gif" degrees="0" scale="1.0">
          <rotation>0</rotation>
        </unknown>
        <inconsistent url="program:resources/icons/smallschematics/tracksegments/os-lefthand-east-error.gif" degrees="0" scale="1.0">
          <rotation>0</rotation>
        </inconsistent>
      </icons>
      <iconmaps />
    </turnouticon>
  </paneleditor>
  <filehistory>
    <operation>
      <type>app</type>
      <date>Thu Nov 12 01:23:52 CET 2020</date>
      <filename>JMRI program</filename>
    </operation>
    <operation>
      <type>Load OK</type>
      <date>Thu Nov 12 01:23:56 CET 2020</date>
      <filename>/C:/Users/daniel/JMRI/PreviewLogixNG.jmri/preview.xml</filename>
      <filehistory>
        <operation>
          <type>app</type>
          <date>Mon Nov 09 00:32:34 CET 2020</date>
          <filename>JMRI program</filename>
        </operation>
        <operation>
          <type>Store</type>
          <date>Mon Nov 09 00:44:41 CET 2020</date>
          <filename />
        </operation>
      </filehistory>
    </operation>
    <operation>
      <type>Store</type>
      <date>Thu Nov 12 01:39:07 CET 2020</date>
      <filename />
    </operation>
  </filehistory>
  <!--Written by JMRI version 4.21.3ish+daniel+2020-11-12T00:23:37Z+RUNKNOWN on Thu Nov 12 01:39:07 CET 2020-->
</layout-config>
