<?xml version="1.0" encoding="UTF-8"?>
<?xml-stylesheet href="/xml/XSLT/panelfile-4-19-2.xsl" type="text/xsl"?>
<layout-config xmlns:xsi="http://www.w3.org/2001/XMLSchema-instance" xsi:noNamespaceSchemaLocation="http://jmri.org/xml/schema/layout-4-19-2.xsd">
  <jmriversion>
    <major>4</major>
    <minor>21</minor>
    <test>3</test>
    <modifier>ish</modifier>
  </jmriversion>
  <sensors class="jmri.jmrix.internal.configurexml.InternalSensorManagerXml">
    <defaultInitialState>unknown</defaultInitialState>
    <sensor inverted="false">
      <systemName>ISCLOCKRUNNING</systemName>
    </sensor>
    <sensor inverted="false">
      <systemName>IS_1_1</systemName>
    </sensor>
    <sensor inverted="false">
      <systemName>IS_10_1</systemName>
    </sensor>
    <sensor inverted="false">
      <systemName>IS_10_2</systemName>
    </sensor>
  </sensors>
  <turnouts class="jmri.jmrix.internal.configurexml.InternalTurnoutManagerXml">
    <operations automate="false">
      <operation name="NoFeedback" class="jmri.configurexml.turnoutoperations.NoFeedbackTurnoutOperationXml" interval="300" maxtries="2" />
      <operation name="Raw" class="jmri.configurexml.turnoutoperations.RawTurnoutOperationXml" interval="300" maxtries="1" />
      <operation name="Sensor" class="jmri.configurexml.turnoutoperations.SensorTurnoutOperationXml" interval="300" maxtries="3" />
    </operations>
    <defaultclosedspeed>Normal</defaultclosedspeed>
    <defaultthrownspeed>Restricted</defaultthrownspeed>
    <turnout feedback="DIRECT" inverted="false" automate="Off">
      <systemName>IT_1_1</systemName>
    </turnout>
    <turnout feedback="DIRECT" inverted="false" automate="Off">
      <systemName>IT_10_1</systemName>
    </turnout>
    <turnout feedback="DIRECT" inverted="false" automate="Off">
      <systemName>IT_10_2</systemName>
    </turnout>
    <turnout feedback="DIRECT" inverted="false" automate="Off">
      <systemName>IT_10_3</systemName>
    </turnout>
    <turnout feedback="DIRECT" inverted="false" automate="Off">
      <systemName>IT_10_4</systemName>
    </turnout>
    <turnout feedback="DIRECT" inverted="false" automate="Off">
      <systemName>IT_99_1</systemName>
    </turnout>
  </turnouts>
  <memories class="jmri.managers.configurexml.DefaultMemoryManagerXml">
    <memory value="12:15 AM">
      <systemName>IMCURRENTTIME</systemName>
    </memory>
    <memory value="1.0">
      <systemName>IMRATEFACTOR</systemName>
    </memory>
  </memories>
  <signalmastlogics class="jmri.managers.configurexml.DefaultSignalMastLogicManagerXml">
    <logicDelay>500</logicDelay>
  </signalmastlogics>
  <timebase class="jmri.jmrit.simpleclock.configurexml.SimpleTimebaseXml" time="Mon Nov 09 00:32:35 CET 2020" rate="1.0" startrate="1.0" run="yes" master="yes" sync="no" correct="no" display="no" startstopped="no" startrunning="yes" startsettime="no" startclockoption="0" showbutton="no" startsetrate="yes" />
  <logixngs class="jmri.jmrit.logixng.implementation.configurexml.DefaultLogixNGManagerXml">
    <logixng enabled="yes">
      <systemName>IQ:AUTO:0001</systemName>
      <userName>Tutorial LogixNG</userName>
      <conditionalngs>
        <conditionalNG_SystemName>IQC:AUTO:0001</conditionalNG_SystemName>
        <conditionalNG_SystemName>IQC:AUTO:0002</conditionalNG_SystemName>
        <conditionalNG_SystemName>IQC:AUTO:0003</conditionalNG_SystemName>
      </conditionalngs>
    </logixng>
  </logixngs>
  <logixngConditionalNGs class="jmri.jmrit.logixng.implementation.configurexml.DefaultConditionalNGManagerXml">
    <conditionalng enabled="yes">
      <systemName>IQC:AUTO:0001</systemName>
      <userName>1. Basics</userName>
      <socket>
        <socketName>A</socketName>
        <systemName>IQDA:AUTO:0001</systemName>
      </socket>
    </conditionalng>
    <conditionalng enabled="yes">
      <systemName>IQC:AUTO:0002</systemName>
      <userName>99. Adding a new action/expression</userName>
      <socket>
        <socketName>A</socketName>
        <systemName>IQDA:AUTO:0005</systemName>
      </socket>
    </conditionalng>
    <conditionalng enabled="yes">
      <systemName>IQC:AUTO:0003</systemName>
      <userName>10. Timers</userName>
      <socket>
        <socketName>A</socketName>
        <systemName>IQDA:AUTO:0012</systemName>
      </socket>
    </conditionalng>
  </logixngConditionalNGs>
  <logixngDigitalExpressions class="jmri.jmrit.logixng.implementation.configurexml.DefaultDigitalExpressionManagerXml">
    <expression-sensor class="jmri.jmrit.logixng.expressions.configurexml.ExpressionSensorXml">
      <systemName>IQDE:AUTO:0001</systemName>
      <sensor>IS_1_1</sensor>
      <is_isNot>Is</is_isNot>
      <sensorState>Active</sensorState>
    </expression-sensor>
    <expression-loconet-slot-usage class="jmri.jmrix.loconet.logixng.configurexml.ExpressionSlotUsageXml">
      <systemName>IQDE:AUTO:0003</systemName>
      <systemConnection>L</systemConnection>
      <advanced>no</advanced>
      <has_hasNot>HasNot</has_hasNot>
      <simpleState>Free</simpleState>
      <advancedStates />
      <compare>GreaterThanOrEqual</compare>
      <number>17</number>
      <percentPieces>Pieces</percentPieces>
      <totalSlots>20</totalSlots>
    </expression-loconet-slot-usage>
    <trigger-once class="jmri.jmrit.logixng.expressions.configurexml.TriggerOnceXml">
      <systemName>IQDE:AUTO:0004</systemName>
      <socket>
        <socketName>E</socketName>
        <systemName>IQDE:AUTO:0005</systemName>
      </socket>
    </trigger-once>
    <true class="jmri.jmrit.logixng.expressions.configurexml.TrueXml">
      <systemName>IQDE:AUTO:0005</systemName>
    </true>
    <expression-sensor class="jmri.jmrit.logixng.expressions.configurexml.ExpressionSensorXml">
      <systemName>IQDE:AUTO:0006</systemName>
      <sensor>IS_10_1</sensor>
      <is_isNot>Is</is_isNot>
      <sensorState>Active</sensorState>
    </expression-sensor>
    <expression-sensor class="jmri.jmrit.logixng.expressions.configurexml.ExpressionSensorXml">
      <systemName>IQDE:AUTO:0007</systemName>
      <sensor>IS_10_2</sensor>
      <is_isNot>Is</is_isNot>
      <sensorState>Active</sensorState>
    </expression-sensor>
  </logixngDigitalExpressions>
  <logixngDigitalActions class="jmri.jmrit.logixng.implementation.configurexml.DefaultDigitalActionManagerXml">
    <if-then-else class="jmri.jmrit.logixng.actions.configurexml.IfThenElseXml" type="TRIGGER_ACTION">
      <systemName>IQDA:AUTO:0001</systemName>
      <ifSocket>
        <socketName>E</socketName>
        <systemName>IQDE:AUTO:0001</systemName>
      </ifSocket>
      <thenSocket>
        <socketName>A1</socketName>
        <systemName>IQDA:AUTO:0002</systemName>
      </thenSocket>
      <elseSocket>
        <socketName>A2</socketName>
      </elseSocket>
    </if-then-else>
    <action-turnout class="jmri.jmrit.logixng.actions.configurexml.ActionTurnoutXml">
      <systemName>IQDA:AUTO:0002</systemName>
      <turnout>IT_1_1</turnout>
      <turnoutState>Thrown</turnoutState>
    </action-turnout>
    <many class="jmri.jmrit.logixng.actions.configurexml.DigitalManyXml">
      <systemName>IQDA:AUTO:0005</systemName>
      <actions>
        <socket>
          <socketName>A1</socketName>
          <systemName>IQDA:AUTO:0009</systemName>
        </socket>
        <socket>
          <socketName>A2</socketName>
          <systemName>IQDA:AUTO:0007</systemName>
        </socket>
        <socket>
          <socketName>A3</socketName>
        </socket>
      </actions>
    </many>
    <if-then-else class="jmri.jmrit.logixng.actions.configurexml.IfThenElseXml" type="TRIGGER_ACTION">
      <systemName>IQDA:AUTO:0007</systemName>
      <ifSocket>
        <socketName>E</socketName>
        <systemName>IQDE:AUTO:0003</systemName>
      </ifSocket>
      <thenSocket>
        <socketName>A1</socketName>
        <systemName>IQDA:AUTO:0011</systemName>
      </thenSocket>
      <elseSocket>
        <socketName>A2</socketName>
      </elseSocket>
    </if-then-else>
    <if-then-else class="jmri.jmrit.logixng.actions.configurexml.IfThenElseXml" type="TRIGGER_ACTION">
      <systemName>IQDA:AUTO:0009</systemName>
      <ifSocket>
        <socketName>E</socketName>
        <systemName>IQDE:AUTO:0004</systemName>
      </ifSocket>
      <thenSocket>
        <socketName>A1</socketName>
        <systemName>IQDA:AUTO:0010</systemName>
      </thenSocket>
      <elseSocket>
        <socketName>A2</socketName>
      </elseSocket>
    </if-then-else>
    <action-loconet-update-slots class="jmri.jmrix.loconet.logixng.configurexml.ActionUpdateSlotsXml">
      <systemName>IQDA:AUTO:0010</systemName>
      <systemConnection>L</systemConnection>
    </action-loconet-update-slots>
    <action-loconet-clear-slots class="jmri.jmrix.loconet.logixng.configurexml.ActionClearSlotsXml">
      <systemName>IQDA:AUTO:0011</systemName>
      <systemConnection>L</systemConnection>
    </action-loconet-clear-slots>
    <action-timer class="jmri.jmrit.logixng.actions.configurexml.ActionTimerXml">
      <systemName>IQDA:AUTO:0012</systemName>
      <expressions>
        <socket>
          <socketName>Start</socketName>
          <systemName>IQDE:AUTO:0006</systemName>
        </socket>
        <socket>
          <socketName>Stop</socketName>
          <systemName>IQDE:AUTO:0007</systemName>
        </socket>
      </expressions>
      <actions>
        <socket>
          <delay>400</delay>
          <socketName>A1</socketName>
          <systemName>IQDA:AUTO:0013</systemName>
        </socket>
        <socket>
          <delay>400</delay>
          <socketName>A2</socketName>
          <systemName>IQDA:AUTO:0014</systemName>
        </socket>
        <socket>
          <delay>400</delay>
          <socketName>A3</socketName>
          <systemName>IQDA:AUTO:0015</systemName>
        </socket>
        <socket>
          <delay>400</delay>
          <socketName>A4</socketName>
          <systemName>IQDA:AUTO:0016</systemName>
        </socket>
      </actions>
      <startImmediately>yes</startImmediately>
      <runContinuously>yes</runContinuously>
      <unit>MilliSeconds</unit>
    </action-timer>
    <many class="jmri.jmrit.logixng.actions.configurexml.DigitalManyXml">
      <systemName>IQDA:AUTO:0013</systemName>
      <actions>
        <socket>
          <socketName>A1</socketName>
          <systemName>IQDA:AUTO:0017</systemName>
        </socket>
        <socket>
          <socketName>A2</socketName>
          <systemName>IQDA:AUTO:0018</systemName>
        </socket>
        <socket>
          <socketName>A3</socketName>
        </socket>
      </actions>
    </many>
    <many class="jmri.jmrit.logixng.actions.configurexml.DigitalManyXml">
      <systemName>IQDA:AUTO:0014</systemName>
      <actions>
        <socket>
          <socketName>A1</socketName>
          <systemName>IQDA:AUTO:0019</systemName>
        </socket>
        <socket>
          <socketName>A2</socketName>
          <systemName>IQDA:AUTO:0020</systemName>
        </socket>
        <socket>
          <socketName>A3</socketName>
        </socket>
      </actions>
    </many>
    <many class="jmri.jmrit.logixng.actions.configurexml.DigitalManyXml">
      <systemName>IQDA:AUTO:0015</systemName>
      <actions>
        <socket>
          <socketName>A1</socketName>
          <systemName>IQDA:AUTO:0021</systemName>
        </socket>
        <socket>
          <socketName>A2</socketName>
          <systemName>IQDA:AUTO:0022</systemName>
        </socket>
        <socket>
          <socketName>A3</socketName>
        </socket>
      </actions>
    </many>
    <many class="jmri.jmrit.logixng.actions.configurexml.DigitalManyXml">
      <systemName>IQDA:AUTO:0016</systemName>
      <actions>
        <socket>
          <socketName>A1</socketName>
          <systemName>IQDA:AUTO:0023</systemName>
        </socket>
        <socket>
          <socketName>A2</socketName>
          <systemName>IQDA:AUTO:0024</systemName>
        </socket>
        <socket>
          <socketName>A3</socketName>
        </socket>
      </actions>
    </many>
    <action-turnout class="jmri.jmrit.logixng.actions.configurexml.ActionTurnoutXml">
      <systemName>IQDA:AUTO:0017</systemName>
      <turnout>IT_10_1</turnout>
      <turnoutState>Closed</turnoutState>
    </action-turnout>
    <action-turnout class="jmri.jmrit.logixng.actions.configurexml.ActionTurnoutXml">
      <systemName>IQDA:AUTO:0018</systemName>
      <turnout>IT_10_2</turnout>
      <turnoutState>Thrown</turnoutState>
    </action-turnout>
    <action-turnout class="jmri.jmrit.logixng.actions.configurexml.ActionTurnoutXml">
      <systemName>IQDA:AUTO:0019</systemName>
      <turnout>IT_10_2</turnout>
      <turnoutState>Closed</turnoutState>
    </action-turnout>
    <action-turnout class="jmri.jmrit.logixng.actions.configurexml.ActionTurnoutXml">
      <systemName>IQDA:AUTO:0020</systemName>
      <turnout>IT_10_3</turnout>
      <turnoutState>Thrown</turnoutState>
    </action-turnout>
    <action-turnout class="jmri.jmrit.logixng.actions.configurexml.ActionTurnoutXml">
      <systemName>IQDA:AUTO:0021</systemName>
      <turnout>IT_10_3</turnout>
      <turnoutState>Closed</turnoutState>
    </action-turnout>
    <action-turnout class="jmri.jmrit.logixng.actions.configurexml.ActionTurnoutXml">
      <systemName>IQDA:AUTO:0022</systemName>
      <turnout>IT_10_4</turnout>
      <turnoutState>Thrown</turnoutState>
    </action-turnout>
    <action-turnout class="jmri.jmrit.logixng.actions.configurexml.ActionTurnoutXml">
      <systemName>IQDA:AUTO:0023</systemName>
      <turnout>IT_10_4</turnout>
      <turnoutState>Closed</turnoutState>
    </action-turnout>
    <action-turnout class="jmri.jmrit.logixng.actions.configurexml.ActionTurnoutXml">
      <systemName>IQDA:AUTO:0024</systemName>
      <turnout>IT_10_1</turnout>
      <turnoutState>Thrown</turnoutState>
    </action-turnout>
  </logixngDigitalActions>
  <paneleditor class="jmri.jmrit.display.panelEditor.configurexml.PanelEditorXml" name="Panel " x="945" y="61" height="528" width="702" editable="yes" positionable="yes" showtooltips="yes" controlling="yes" hide="yes" panelmenu="yes" scrollable="both" redBackground="255" greenBackground="255" blueBackground="255">
    <sensoricon sensor="IS_1_1" x="37" y="22" level="10" forcecontroloff="false" hidden="no" positionable="true" showtooltip="true" editable="true" momentary="false" icon="yes" class="jmri.jmrit.display.configurexml.SensorIconXml">
      <active url="program:resources/icons/smallschematics/tracksegments/circuit-occupied.gif" degrees="0" scale="1.0">
        <rotation>0</rotation>
      </active>
      <inactive url="program:resources/icons/smallschematics/tracksegments/circuit-empty.gif" degrees="0" scale="1.0">
        <rotation>0</rotation>
      </inactive>
      <unknown url="program:resources/icons/smallschematics/tracksegments/circuit-error.gif" degrees="0" scale="1.0">
        <rotation>0</rotation>
      </unknown>
      <inconsistent url="program:resources/icons/smallschematics/tracksegments/circuit-error.gif" degrees="0" scale="1.0">
        <rotation>0</rotation>
      </inconsistent>
      <iconmaps />
    </sensoricon>
    <turnouticon turnout="IT_1_1" x="85" y="8" level="7" forcecontroloff="false" hidden="no" positionable="true" showtooltip="true" editable="true" tristate="false" momentary="false" directControl="false" class="jmri.jmrit.display.configurexml.TurnoutIconXml">
      <icons>
        <closed url="program:resources/icons/smallschematics/tracksegments/os-lefthand-east-closed.gif" degrees="0" scale="1.0">
          <rotation>0</rotation>
        </closed>
        <thrown url="program:resources/icons/smallschematics/tracksegments/os-lefthand-east-thrown.gif" degrees="0" scale="1.0">
          <rotation>0</rotation>
        </thrown>
        <unknown url="program:resources/icons/smallschematics/tracksegments/os-lefthand-east-unknown.gif" degrees="0" scale="1.0">
          <rotation>0</rotation>
        </unknown>
        <inconsistent url="program:resources/icons/smallschematics/tracksegments/os-lefthand-east-error.gif" degrees="0" scale="1.0">
          <rotation>0</rotation>
        </inconsistent>
      </icons>
      <iconmaps />
    </turnouticon>
    <turnouticon turnout="IT_10_1" x="63" y="164" level="7" forcecontroloff="false" hidden="no" positionable="true" showtooltip="true" editable="true" tristate="false" momentary="false" directControl="false" class="jmri.jmrit.display.configurexml.TurnoutIconXml">
      <icons>
        <closed url="program:resources/icons/smallschematics/tracksegments/os-lefthand-east-closed.gif" degrees="0" scale="1.0">
          <rotation>0</rotation>
        </closed>
        <thrown url="program:resources/icons/smallschematics/tracksegments/os-lefthand-east-thrown.gif" degrees="0" scale="1.0">
          <rotation>0</rotation>
        </thrown>
        <unknown url="program:resources/icons/smallschematics/tracksegments/os-lefthand-east-unknown.gif" degrees="0" scale="1.0">
          <rotation>0</rotation>
        </unknown>
        <inconsistent url="program:resources/icons/smallschematics/tracksegments/os-lefthand-east-error.gif" degrees="0" scale="1.0">
          <rotation>0</rotation>
        </inconsistent>
      </icons>
      <iconmaps />
    </turnouticon>
    <turnouticon turnout="IT_10_3" x="212" y="164" level="7" forcecontroloff="false" hidden="no" positionable="true" showtooltip="true" editable="true" tristate="false" momentary="false" directControl="false" class="jmri.jmrit.display.configurexml.TurnoutIconXml">
      <icons>
        <closed url="program:resources/icons/smallschematics/tracksegments/os-lefthand-east-closed.gif" degrees="0" scale="1.0">
          <rotation>0</rotation>
        </closed>
        <thrown url="program:resources/icons/smallschematics/tracksegments/os-lefthand-east-thrown.gif" degrees="0" scale="1.0">
          <rotation>0</rotation>
        </thrown>
        <unknown url="program:resources/icons/smallschematics/tracksegments/os-lefthand-east-unknown.gif" degrees="0" scale="1.0">
          <rotation>0</rotation>
        </unknown>
        <inconsistent url="program:resources/icons/smallschematics/tracksegments/os-lefthand-east-error.gif" degrees="0" scale="1.0">
          <rotation>0</rotation>
        </inconsistent>
      </icons>
      <iconmaps />
    </turnouticon>
    <turnouticon turnout="IT_10_2" x="137" y="164" level="7" forcecontroloff="false" hidden="no" positionable="true" showtooltip="true" editable="true" tristate="false" momentary="false" directControl="false" class="jmri.jmrit.display.configurexml.TurnoutIconXml">
      <icons>
        <closed url="program:resources/icons/smallschematics/tracksegments/os-righthand-west-closed.gif" degrees="0" scale="1.0">
          <rotation>0</rotation>
        </closed>
        <thrown url="program:resources/icons/smallschematics/tracksegments/os-righthand-west-thrown.gif" degrees="0" scale="1.0">
          <rotation>0</rotation>
        </thrown>
        <unknown url="program:resources/icons/smallschematics/tracksegments/os-righthand-west-unknown.gif" degrees="0" scale="1.0">
          <rotation>0</rotation>
        </unknown>
        <inconsistent url="program:resources/icons/smallschematics/tracksegments/os-righthand-west-error.gif" degrees="0" scale="1.0">
          <rotation>0</rotation>
        </inconsistent>
      </icons>
      <iconmaps />
    </turnouticon>
    <turnouticon turnout="IT_10_4" x="286" y="164" level="7" forcecontroloff="false" hidden="no" positionable="true" showtooltip="true" editable="true" tristate="false" momentary="false" directControl="false" class="jmri.jmrit.display.configurexml.TurnoutIconXml">
      <icons>
        <closed url="program:resources/icons/smallschematics/tracksegments/os-righthand-west-closed.gif" degrees="0" scale="1.0">
          <rotation>0</rotation>
        </closed>
        <thrown url="program:resources/icons/smallschematics/tracksegments/os-righthand-west-thrown.gif" degrees="0" scale="1.0">
          <rotation>0</rotation>
        </thrown>
        <unknown url="program:resources/icons/smallschematics/tracksegments/os-righthand-west-unknown.gif" degrees="0" scale="1.0">
          <rotation>0</rotation>
        </unknown>
        <inconsistent url="program:resources/icons/smallschematics/tracksegments/os-righthand-west-error.gif" degrees="0" scale="1.0">
          <rotation>0</rotation>
        </inconsistent>
      </icons>
      <iconmaps />
    </turnouticon>
    <positionablelabel x="323" y="188" level="3" forcecontroloff="false" hidden="no" positionable="true" showtooltip="true" editable="true" icon="yes" class="jmri.jmrit.display.configurexml.PositionableLabelXml">
      <icon url="program:resources/icons/smallschematics/tracksegments/block.gif" degrees="0" scale="1.0">
        <rotation>0</rotation>
      </icon>
    </positionablelabel>
    <positionablelabel x="248" y="164" level="3" forcecontroloff="false" hidden="no" positionable="true" showtooltip="true" editable="true" icon="yes" class="jmri.jmrit.display.configurexml.PositionableLabelXml">
      <icon url="program:resources/icons/smallschematics/tracksegments/block.gif" degrees="0" scale="1.0">
        <rotation>0</rotation>
      </icon>
    </positionablelabel>
    <positionablelabel x="249" y="188" level="3" forcecontroloff="false" hidden="no" positionable="true" showtooltip="true" editable="true" icon="yes" class="jmri.jmrit.display.configurexml.PositionableLabelXml">
      <icon url="program:resources/icons/smallschematics/tracksegments/block.gif" degrees="0" scale="1.0">
        <rotation>0</rotation>
      </icon>
    </positionablelabel>
    <positionablelabel x="175" y="188" level="3" forcecontroloff="false" hidden="no" positionable="true" showtooltip="true" editable="true" icon="yes" class="jmri.jmrit.display.configurexml.PositionableLabelXml">
      <icon url="program:resources/icons/smallschematics/tracksegments/block.gif" degrees="0" scale="1.0">
        <rotation>0</rotation>
      </icon>
    </positionablelabel>
    <positionablelabel x="99" y="164" level="3" forcecontroloff="false" hidden="no" positionable="true" showtooltip="true" editable="true" icon="yes" class="jmri.jmrit.display.configurexml.PositionableLabelXml">
      <icon url="program:resources/icons/smallschematics/tracksegments/block.gif" degrees="0" scale="1.0">
        <rotation>0</rotation>
      </icon>
    </positionablelabel>
    <positionablelabel x="100" y="188" level="3" forcecontroloff="false" hidden="no" positionable="true" showtooltip="true" editable="true" icon="yes" class="jmri.jmrit.display.configurexml.PositionableLabelXml">
      <icon url="program:resources/icons/smallschematics/tracksegments/block.gif" degrees="0" scale="1.0">
        <rotation>0</rotation>
      </icon>
    </positionablelabel>
    <positionablelabel x="26" y="188" level="3" forcecontroloff="false" hidden="no" positionable="true" showtooltip="true" editable="true" icon="yes" class="jmri.jmrit.display.configurexml.PositionableLabelXml">
      <icon url="program:resources/icons/smallschematics/tracksegments/block.gif" degrees="0" scale="1.0">
        <rotation>0</rotation>
      </icon>
    </positionablelabel>
    <sensoricon sensor="IS_10_1" x="23" y="162" level="10" forcecontroloff="false" hidden="no" positionable="true" showtooltip="true" editable="true" momentary="false" icon="yes" class="jmri.jmrit.display.configurexml.SensorIconXml">
      <active url="program:resources/icons/smallschematics/tracksegments/circuit-occupied.gif" degrees="0" scale="1.0">
        <rotation>0</rotation>
      </active>
      <inactive url="program:resources/icons/smallschematics/tracksegments/circuit-empty.gif" degrees="0" scale="1.0">
        <rotation>0</rotation>
      </inactive>
      <unknown url="program:resources/icons/smallschematics/tracksegments/circuit-error.gif" degrees="0" scale="1.0">
        <rotation>0</rotation>
      </unknown>
      <inconsistent url="program:resources/icons/smallschematics/tracksegments/circuit-error.gif" degrees="0" scale="1.0">
        <rotation>0</rotation>
      </inconsistent>
      <iconmaps />
    </sensoricon>
    <sensoricon sensor="IS_10_2" x="22" y="206" level="10" forcecontroloff="false" hidden="no" positionable="true" showtooltip="true" editable="true" momentary="false" icon="yes" class="jmri.jmrit.display.configurexml.SensorIconXml">
      <active url="program:resources/icons/smallschematics/tracksegments/circuit-occupied.gif" degrees="0" scale="1.0">
        <rotation>0</rotation>
      </active>
      <inactive url="program:resources/icons/smallschematics/tracksegments/circuit-empty.gif" degrees="0" scale="1.0">
        <rotation>0</rotation>
      </inactive>
      <unknown url="program:resources/icons/smallschematics/tracksegments/circuit-error.gif" degrees="0" scale="1.0">
        <rotation>0</rotation>
      </unknown>
      <inconsistent url="program:resources/icons/smallschematics/tracksegments/circuit-error.gif" degrees="0" scale="1.0">
        <rotation>0</rotation>
      </inconsistent>
      <iconmaps />
    </sensoricon>
  </paneleditor>
  <filehistory>
    <operation>
      <type>app</type>
      <date>Wed Nov 18 00:14:54 CET 2020</date>
      <filename>JMRI program</filename>
    </operation>
    <operation>
      <type>Load OK</type>
      <date>Wed Nov 18 00:15:00 CET 2020</date>
      <filename>/C:/Users/daniel/JMRI/PreviewLogixNG.jmri/preview.xml</filename>
      <filehistory>
        <operation>
          <type>app</type>
          <date>Tue Nov 17 07:37:40 CET 2020</date>
          <filename>JMRI program</filename>
        </operation>
        <operation>
          <type>Load OK</type>
          <date>Tue Nov 17 07:37:44 CET 2020</date>
          <filename>/C:/Users/daniel/JMRI/PreviewLogixNG.jmri/preview.xml</filename>
          <filehistory>
            <operation>
              <type>app</type>
              <date>Tue Nov 17 07:36:20 CET 2020</date>
              <filename>JMRI program</filename>
            </operation>
            <operation>
              <type>Load OK</type>
              <date>Tue Nov 17 07:36:25 CET 2020</date>
              <filename>/C:/Users/daniel/JMRI/PreviewLogixNG.jmri/preview.xml</filename>
              <filehistory>
                <operation>
                  <type>app</type>
                  <date>Tue Nov 17 07:30:15 CET 2020</date>
                  <filename>JMRI program</filename>
                </operation>
                <operation>
                  <type>Load OK</type>
                  <date>Tue Nov 17 07:30:20 CET 2020</date>
                  <filename>/C:/Users/daniel/JMRI/PreviewLogixNG.jmri/preview.xml</filename>
                  <filehistory>
                    <operation>
                      <type>app</type>
                      <date>Mon Nov 16 01:16:09 CET 2020</date>
                      <filename>JMRI program</filename>
                    </operation>
                    <operation>
                      <type>Load OK</type>
                      <date>Mon Nov 16 01:16:12 CET 2020</date>
                      <filename>/C:/Users/daniel/JMRI/PreviewLogixNG.jmri/preview.xml</filename>
                      <filehistory>
                        <operation>
                          <type>app</type>
                          <date>Mon Nov 16 01:14:07 CET 2020</date>
                          <filename>JMRI program</filename>
                        </operation>
                        <operation>
                          <type>Load OK</type>
                          <date>Mon Nov 16 01:14:11 CET 2020</date>
                          <filename>/C:/Users/daniel/JMRI/PreviewLogixNG.jmri/preview.xml</filename>
                        </operation>
                        <operation>
                          <type>Store</type>
                          <date>Mon Nov 16 01:14:28 CET 2020</date>
                          <filename />
                        </operation>
                      </filehistory>
                    </operation>
                    <operation>
                      <type>Store</type>
                      <date>Mon Nov 16 01:20:02 CET 2020</date>
                      <filename />
                    </operation>
                  </filehistory>
                </operation>
                <operation>
                  <type>Store</type>
                  <date>Tue Nov 17 07:30:28 CET 2020</date>
                  <filename />
                </operation>
              </filehistory>
            </operation>
            <operation>
              <type>Store</type>
              <date>Tue Nov 17 07:37:15 CET 2020</date>
              <filename />
            </operation>
          </filehistory>
        </operation>
        <operation>
          <type>Store</type>
          <date>Tue Nov 17 07:39:58 CET 2020</date>
          <filename />
        </operation>
      </filehistory>
    </operation>
    <operation>
      <type>Store</type>
      <date>Wed Nov 18 00:15:39 CET 2020</date>
      <filename />
    </operation>
  </filehistory>
  <!--Written by JMRI version 4.21.3ish+daniel+2020-11-17T23:12:53Z+RUNKNOWN on Wed Nov 18 00:15:39 CET 2020-->
</layout-config>
