<?xml version="1.0" encoding="UTF-8"?>
<?xml-stylesheet href="/xml/XSLT/panelfile-4-19-2.xsl" type="text/xsl"?>
<layout-config xmlns:xsi="http://www.w3.org/2001/XMLSchema-instance" xsi:noNamespaceSchemaLocation="http://jmri.org/xml/schema/layout-4-19-2.xsd">
  <jmriversion>
    <major>4</major>
    <minor>19</minor>
    <test>7</test>
    <modifier>ish</modifier>
  </jmriversion>
  <sensors class="jmri.jmrix.loconet.configurexml.LnSensorManagerXml">
    <sensor inverted="false">
      <systemName>LS101</systemName>
      <userName>S-Alpha-Left-Approach</userName>
    </sensor>
    <sensor inverted="false">
      <systemName>LS102</systemName>
      <userName>S-Alpha-Left-TO</userName>
    </sensor>
    <sensor inverted="false">
      <systemName>LS103</systemName>
      <userName>S-Alpha-Main</userName>
    </sensor>
    <sensor inverted="false">
      <systemName>LS104</systemName>
      <userName>S-Alpha-Right-Approach</userName>
    </sensor>
    <sensor inverted="false">
      <systemName>LS105</systemName>
      <userName>S-Alpha-Right-TO</userName>
    </sensor>
    <sensor inverted="false">
      <systemName>LS106</systemName>
      <userName>S-Alpha-Side</userName>
    </sensor>
  </sensors>
  <sensors class="jmri.jmrix.internal.configurexml.InternalSensorManagerXml">
    <defaultInitialState>unknown</defaultInitialState>
    <sensor inverted="false">
      <systemName>IS999</systemName>
      <userName>Reset</userName>
    </sensor>
    <sensor inverted="false">
      <systemName>ISCLOCKRUNNING</systemName>
    </sensor>
  </sensors>
  <turnouts class="jmri.jmrix.loconet.configurexml.LnTurnoutManagerXml">
    <operations automate="false">
      <operation name="NoFeedback" class="jmri.configurexml.turnoutoperations.NoFeedbackTurnoutOperationXml" interval="300" maxtries="2" />
      <operation name="Raw" class="jmri.configurexml.turnoutoperations.RawTurnoutOperationXml" interval="300" maxtries="1" />
      <operation name="Sensor" class="jmri.configurexml.turnoutoperations.SensorTurnoutOperationXml" interval="300" maxtries="3" />
    </operations>
    <defaultclosedspeed>Normal</defaultclosedspeed>
    <defaultthrownspeed>Restricted</defaultthrownspeed>
    <turnout feedback="MONITORING" inverted="false" automate="Off">
      <systemName>LT101</systemName>
      <userName>T-Alpha-Left</userName>
    </turnout>
    <turnout feedback="MONITORING" inverted="false" automate="Off">
      <systemName>LT102</systemName>
      <userName>T-Alpha-Right</userName>
    </turnout>
  </turnouts>
  <memories class="jmri.managers.configurexml.DefaultMemoryManagerXml">
    <memory value="3:43 PM">
      <systemName>IMCURRENTTIME</systemName>
    </memory>
    <memory value="1.0">
      <systemName>IMRATEFACTOR</systemName>
    </memory>
  </memories>
  <blocks class="jmri.configurexml.BlockManagerXml">
    <defaultspeed>Normal</defaultspeed>
    <block systemName="IB1">
      <systemName>IB1</systemName>
      <userName>B-Left-TO</userName>
    </block>
    <block systemName="IB:AUTO:0004">
      <systemName>IB:AUTO:0004</systemName>
      <userName>B-Alpha-Left-TO</userName>
    </block>
    <block systemName="IB:AUTO:0005">
      <systemName>IB:AUTO:0005</systemName>
      <userName>B-Alpha-Left-Approach</userName>
    </block>
    <block systemName="IB:AUTO:0006">
      <systemName>IB:AUTO:0006</systemName>
      <userName>B-Alpha-Main</userName>
    </block>
    <block systemName="IB:AUTO:0007">
      <systemName>IB:AUTO:0007</systemName>
      <userName>B-Alpha-Side</userName>
    </block>
    <block systemName="IB:AUTO:0008">
      <systemName>IB:AUTO:0008</systemName>
      <userName>B-Alpha-Right-TO</userName>
    </block>
    <block systemName="IB:AUTO:0009">
      <systemName>IB:AUTO:0009</systemName>
      <userName>B-Alpha-Right-Approach</userName>
    </block>
    <block systemName="IB1" length="0.0" curve="0">
      <systemName>IB1</systemName>
      <userName>B-Left-TO</userName>
      <permissive>no</permissive>
    </block>
    <block systemName="IB:AUTO:0004" length="0.0" curve="0">
      <systemName>IB:AUTO:0004</systemName>
      <userName>B-Alpha-Left-TO</userName>
      <permissive>no</permissive>
      <occupancysensor>S-Alpha-Left-TO</occupancysensor>
      <path todir="128" fromdir="64" block="IB:AUTO:0005" />
      <path todir="64" fromdir="128" block="IB:AUTO:0006">
        <beansetting setting="2">
          <turnout systemName="T-Alpha-Left" />
        </beansetting>
      </path>
      <path todir="64" fromdir="128" block="IB:AUTO:0007">
        <beansetting setting="4">
          <turnout systemName="T-Alpha-Left" />
        </beansetting>
      </path>
    </block>
    <block systemName="IB:AUTO:0005" length="0.0" curve="0">
      <systemName>IB:AUTO:0005</systemName>
      <userName>B-Alpha-Left-Approach</userName>
      <permissive>no</permissive>
      <occupancysensor>S-Alpha-Left-Approach</occupancysensor>
      <path todir="64" fromdir="128" block="IB:AUTO:0004" />
    </block>
    <block systemName="IB:AUTO:0006" length="0.0" curve="0">
      <systemName>IB:AUTO:0006</systemName>
      <userName>B-Alpha-Main</userName>
      <permissive>no</permissive>
      <occupancysensor>S-Alpha-Main</occupancysensor>
      <path todir="128" fromdir="64" block="IB:AUTO:0004">
        <beansetting setting="2">
          <turnout systemName="T-Alpha-Left" />
        </beansetting>
      </path>
      <path todir="64" fromdir="128" block="IB:AUTO:0008">
        <beansetting setting="2">
          <turnout systemName="T-Alpha-Right" />
        </beansetting>
      </path>
    </block>
    <block systemName="IB:AUTO:0007" length="0.0" curve="0">
      <systemName>IB:AUTO:0007</systemName>
      <userName>B-Alpha-Side</userName>
      <permissive>no</permissive>
      <occupancysensor>S-Alpha-Side</occupancysensor>
      <path todir="128" fromdir="64" block="IB:AUTO:0004">
        <beansetting setting="4">
          <turnout systemName="T-Alpha-Left" />
        </beansetting>
      </path>
      <path todir="64" fromdir="128" block="IB:AUTO:0008">
        <beansetting setting="4">
          <turnout systemName="T-Alpha-Right" />
        </beansetting>
      </path>
    </block>
    <block systemName="IB:AUTO:0008" length="0.0" curve="0">
      <systemName>IB:AUTO:0008</systemName>
      <userName>B-Alpha-Right-TO</userName>
      <permissive>no</permissive>
      <occupancysensor>S-Alpha-Right-TO</occupancysensor>
      <path todir="128" fromdir="64" block="IB:AUTO:0006">
        <beansetting setting="2">
          <turnout systemName="T-Alpha-Right" />
        </beansetting>
      </path>
      <path todir="128" fromdir="64" block="IB:AUTO:0007">
        <beansetting setting="4">
          <turnout systemName="T-Alpha-Right" />
        </beansetting>
      </path>
      <path todir="64" fromdir="128" block="IB:AUTO:0009" />
    </block>
    <block systemName="IB:AUTO:0009" length="0.0" curve="0">
      <systemName>IB:AUTO:0009</systemName>
      <userName>B-Alpha-Right-Approach</userName>
      <permissive>no</permissive>
      <occupancysensor>S-Alpha-Right-Approach</occupancysensor>
      <path todir="128" fromdir="64" block="IB:AUTO:0008" />
    </block>
  </blocks>
  <layoutblocks class="jmri.jmrit.display.layoutEditor.configurexml.LayoutBlockManagerXml">
    <layoutblock systemName="ILB4" occupancysensor="S-Alpha-Left-TO" occupiedsense="2" trackcolor="darkGray" occupiedcolor="red" extracolor="white">
      <systemName>ILB4</systemName>
      <userName>B-Alpha-Left-TO</userName>
    </layoutblock>
    <layoutblock systemName="ILB5" occupancysensor="S-Alpha-Left-Approach" occupiedsense="2" trackcolor="darkGray" occupiedcolor="red" extracolor="white">
      <systemName>ILB5</systemName>
      <userName>B-Alpha-Left-Approach</userName>
    </layoutblock>
    <layoutblock systemName="ILB6" occupancysensor="S-Alpha-Main" occupiedsense="2" trackcolor="darkGray" occupiedcolor="red" extracolor="white">
      <systemName>ILB6</systemName>
      <userName>B-Alpha-Main</userName>
    </layoutblock>
    <layoutblock systemName="ILB7" occupancysensor="S-Alpha-Side" occupiedsense="2" trackcolor="darkGray" occupiedcolor="red" extracolor="white">
      <systemName>ILB7</systemName>
      <userName>B-Alpha-Side</userName>
    </layoutblock>
    <layoutblock systemName="ILB8" occupancysensor="S-Alpha-Right-TO" occupiedsense="2" trackcolor="darkGray" occupiedcolor="red" extracolor="white">
      <systemName>ILB8</systemName>
      <userName>B-Alpha-Right-TO</userName>
    </layoutblock>
    <layoutblock systemName="ILB9" occupancysensor="S-Alpha-Right-Approach" occupiedsense="2" trackcolor="darkGray" occupiedcolor="red" extracolor="white">
      <systemName>ILB9</systemName>
      <userName>B-Alpha-Right-Approach</userName>
    </layoutblock>
  </layoutblocks>
  <routes class="jmri.managers.configurexml.DefaultRouteManagerXml">
    <route userName="Turnouts">
      <systemName>IO:AUTO:0001</systemName>
      <userName>Turnouts</userName>
      <routeOutputTurnout systemName="T-Alpha-Left" state="CLOSED" />
      <routeOutputTurnout systemName="T-Alpha-Right" state="CLOSED" />
      <routeSensor systemName="IS999" mode="onActive" />
    </route>
    <route userName="Occupancy Sensors">
      <systemName>IO:AUTO:0002</systemName>
      <userName>Occupancy Sensors</userName>
      <routeOutputSensor systemName="S-Alpha-Left-Approach" state="INACTIVE" />
      <routeOutputSensor systemName="S-Alpha-Left-TO" state="INACTIVE" />
      <routeOutputSensor systemName="S-Alpha-Main" state="INACTIVE" />
      <routeOutputSensor systemName="S-Alpha-Right-Approach" state="INACTIVE" />
      <routeOutputSensor systemName="S-Alpha-Right-TO" state="INACTIVE" />
      <routeOutputSensor systemName="S-Alpha-Side" state="INACTIVE" />
      <routeSensor systemName="IS999" mode="onActive" />
    </route>
  </routes>
  <signalmastlogics class="jmri.managers.configurexml.DefaultSignalMastLogicManagerXml">
    <logicDelay>500</logicDelay>
  </signalmastlogics>
  <logixs class="jmri.managers.configurexml.DefaultLogixManagerXml">
    <logix userName="Init" enabled="yes">
      <systemName>IX:RTXINITIALIZER</systemName>
      <userName>Init</userName>
      <logixConditional systemName="IX:RTXINITIALIZER1T" order="0" />
    </logix>
  </logixs>
  <conditionals class="jmri.managers.configurexml.DefaultConditionalManagerXml">
    <conditional systemName="IX:RTXINITIALIZER1T" userName="Route 1C Init" antecedent="R1" logicType="3" triggerOnChange="yes">
      <systemName>IX:RTXINITIALIZER1T</systemName>
      <userName>Route 1C Init</userName>
      <conditionalStateVariable operator="4" negated="no" type="0" systemName="IX:RTXINITIALIZER" dataString="" num1="0" num2="0" triggersCalc="yes" />
      <conditionalAction option="1" type="9" systemName="Reset" data="2" delay="0" string="" />
      <conditionalAction option="1" type="10" systemName="Reset" data="4" delay="1" string="1" />
    </conditional>
  </conditionals>
  <timebase class="jmri.jmrit.simpleclock.configurexml.SimpleTimebaseXml" time="Thu May 28 09:24:21 CDT 2020" rate="1.0" startrate="1.0" run="yes" master="yes" sync="no" correct="no" display="no" startstopped="no" startrunning="yes" startsettime="no" startclockoption="0" showbutton="no" startsetrate="yes" />
  <LayoutEditor class="jmri.jmrit.display.layoutEditor.configurexml.LayoutEditorXml" name="My Layout" x="399" y="25" windowheight="236" windowwidth="633" panelheight="180" panelwidth="590" sliders="no" scrollable="none" editable="yes" positionable="yes" controlling="yes" animating="yes" showhelpbar="no" drawgrid="yes" snaponadd="no" snaponmove="no" antialiasing="no" turnoutcircles="no" tooltipsnotedit="no" tooltipsinedit="yes" mainlinetrackwidth="4" xscale="1.0" yscale="1.0" sidetrackwidth="2" defaulttrackcolor="darkGray" defaultoccupiedtrackcolor="red" defaultalternativetrackcolor="white" defaulttextcolor="black" turnoutcirclecolor="black" turnoutcirclesize="2" turnoutdrawunselectedleg="yes" turnoutbx="20.0" turnoutcx="20.0" turnoutwid="10.0" xoverlong="30.0" xoverhwid="10.0" xovershort="10.0" autoblkgenerate="no" redBackground="192" greenBackground="192" blueBackground="192" gridSize="10" gridSize2nd="10" openDispatcher="no" useDirectTurnoutControl="no">
    <layoutTrackDrawingOptions name="My Layout" class="jmri.jmrit.display.layoutEditor.configurexml.LayoutTrackDrawingOptionsXml">
      <mainBallastColor>#000000</mainBallastColor>
      <mainBallastWidth>0</mainBallastWidth>
      <mainBlockLineDashPercentageX10>0</mainBlockLineDashPercentageX10>
      <mainBlockLineWidth>4</mainBlockLineWidth>
      <mainRailColor>#404040</mainRailColor>
      <mainRailCount>1</mainRailCount>
      <mainRailGap>0</mainRailGap>
      <mainRailWidth>2</mainRailWidth>
      <mainTieColor>#000000</mainTieColor>
      <mainTieGap>0</mainTieGap>
      <mainTieLength>0</mainTieLength>
      <mainTieWidth>0</mainTieWidth>
      <sideBallastColor>#000000</sideBallastColor>
      <sideBallastWidth>0</sideBallastWidth>
      <sideBlockLineDashPercentageX10>0</sideBlockLineDashPercentageX10>
      <sideBlockLineWidth>2</sideBlockLineWidth>
      <sideRailColor>#404040</sideRailColor>
      <sideRailCount>1</sideRailCount>
      <sideRailGap>0</sideRailGap>
      <sideRailWidth>1</sideRailWidth>
      <sideTieColor>#000000</sideTieColor>
      <sideTieGap>0</sideTieGap>
      <sideTieLength>0</sideTieLength>
      <sideTieWidth>0</sideTieWidth>
    </layoutTrackDrawingOptions>
    <positionablelabel x="280" y="10" level="4" forcecontroloff="false" hidden="no" positionable="true" showtooltip="true" editable="true" text="Alpha" size="13" style="0" red="0" green="0" blue="0" hasBackground="no" justification="centre" class="jmri.jmrit.display.configurexml.PositionableLabelXml" />
    <sensoricon sensor="Reset" x="10" y="10" level="10" forcecontroloff="false" hidden="no" positionable="true" showtooltip="true" editable="true" momentary="true" icon="no" text="Reset" size="13" style="0" red="0" green="255" blue="0" hasBackground="yes" redBack="0" greenBack="0" blueBack="0" fixedWidth="50" fixedHeight="20" justification="centre" class="jmri.jmrit.display.configurexml.SensorIconXml">
      <active url="program:resources/icons/smallschematics/tracksegments/circuit-occupied.gif" degrees="0" scale="1.0">
        <rotation>0</rotation>
      </active>
      <inactive url="program:resources/icons/smallschematics/tracksegments/circuit-empty.gif" degrees="0" scale="1.0">
        <rotation>0</rotation>
      </inactive>
      <unknown url="program:resources/icons/smallschematics/tracksegments/circuit-error.gif" degrees="0" scale="1.0">
        <rotation>0</rotation>
      </unknown>
      <inconsistent url="program:resources/icons/smallschematics/tracksegments/circuit-error.gif" degrees="0" scale="1.0">
        <rotation>0</rotation>
      </inconsistent>
      <iconmaps />
      <activeText text="Reset" red="255" green="0" blue="0" redBack="0" greenBack="0" blueBack="0" />
      <inactiveText text="Reset" red="0" green="255" blue="0" redBack="0" greenBack="0" blueBack="0" />
      <unknownText text="Reset" red="0" green="0" blue="255" />
      <inconsistentText text="Reset" red="0" green="0" blue="0" />
    </sensoricon>
    <sensoricon sensor="S-Alpha-Left-Approach" x="100" y="120" level="10" forcecontroloff="false" hidden="no" positionable="true" showtooltip="true" editable="true" momentary="false" icon="yes" class="jmri.jmrit.display.configurexml.SensorIconXml">
      <active url="program:resources/icons/smallschematics/tracksegments/circuit-occupied.gif" degrees="0" scale="1.0">
        <rotation>0</rotation>
      </active>
      <inactive url="program:resources/icons/smallschematics/tracksegments/circuit-empty.gif" degrees="0" scale="1.0">
        <rotation>0</rotation>
      </inactive>
      <unknown url="program:resources/icons/smallschematics/tracksegments/circuit-error.gif" degrees="0" scale="1.0">
        <rotation>0</rotation>
      </unknown>
      <inconsistent url="program:resources/icons/smallschematics/tracksegments/circuit-error.gif" degrees="0" scale="1.0">
        <rotation>0</rotation>
      </inconsistent>
      <iconmaps />
    </sensoricon>
    <sensoricon sensor="S-Alpha-Left-TO" x="200" y="120" level="10" forcecontroloff="false" hidden="no" positionable="true" showtooltip="true" editable="true" momentary="false" icon="yes" class="jmri.jmrit.display.configurexml.SensorIconXml">
      <active url="program:resources/icons/smallschematics/tracksegments/circuit-occupied.gif" degrees="0" scale="1.0">
        <rotation>0</rotation>
      </active>
      <inactive url="program:resources/icons/smallschematics/tracksegments/circuit-empty.gif" degrees="0" scale="1.0">
        <rotation>0</rotation>
      </inactive>
      <unknown url="program:resources/icons/smallschematics/tracksegments/circuit-error.gif" degrees="0" scale="1.0">
        <rotation>0</rotation>
      </unknown>
      <inconsistent url="program:resources/icons/smallschematics/tracksegments/circuit-error.gif" degrees="0" scale="1.0">
        <rotation>0</rotation>
      </inconsistent>
      <iconmaps />
    </sensoricon>
    <sensoricon sensor="S-Alpha-Main" x="300" y="120" level="10" forcecontroloff="false" hidden="no" positionable="true" showtooltip="true" editable="true" momentary="false" icon="yes" class="jmri.jmrit.display.configurexml.SensorIconXml">
      <active url="program:resources/icons/smallschematics/tracksegments/circuit-occupied.gif" degrees="0" scale="1.0">
        <rotation>0</rotation>
      </active>
      <inactive url="program:resources/icons/smallschematics/tracksegments/circuit-empty.gif" degrees="0" scale="1.0">
        <rotation>0</rotation>
      </inactive>
      <unknown url="program:resources/icons/smallschematics/tracksegments/circuit-error.gif" degrees="0" scale="1.0">
        <rotation>0</rotation>
      </unknown>
      <inconsistent url="program:resources/icons/smallschematics/tracksegments/circuit-error.gif" degrees="0" scale="1.0">
        <rotation>0</rotation>
      </inconsistent>
      <iconmaps />
    </sensoricon>
    <sensoricon sensor="S-Alpha-Right-Approach" x="480" y="120" level="10" forcecontroloff="false" hidden="no" positionable="true" showtooltip="true" editable="true" momentary="false" icon="yes" class="jmri.jmrit.display.configurexml.SensorIconXml">
      <active url="program:resources/icons/smallschematics/tracksegments/circuit-occupied.gif" degrees="0" scale="1.0">
        <rotation>0</rotation>
      </active>
      <inactive url="program:resources/icons/smallschematics/tracksegments/circuit-empty.gif" degrees="0" scale="1.0">
        <rotation>0</rotation>
      </inactive>
      <unknown url="program:resources/icons/smallschematics/tracksegments/circuit-error.gif" degrees="0" scale="1.0">
        <rotation>0</rotation>
      </unknown>
      <inconsistent url="program:resources/icons/smallschematics/tracksegments/circuit-error.gif" degrees="0" scale="1.0">
        <rotation>0</rotation>
      </inconsistent>
      <iconmaps />
    </sensoricon>
    <sensoricon sensor="S-Alpha-Right-TO" x="390" y="120" level="10" forcecontroloff="false" hidden="no" positionable="true" showtooltip="true" editable="true" momentary="false" icon="yes" class="jmri.jmrit.display.configurexml.SensorIconXml">
      <active url="program:resources/icons/smallschematics/tracksegments/circuit-occupied.gif" degrees="0" scale="1.0">
        <rotation>0</rotation>
      </active>
      <inactive url="program:resources/icons/smallschematics/tracksegments/circuit-empty.gif" degrees="0" scale="1.0">
        <rotation>0</rotation>
      </inactive>
      <unknown url="program:resources/icons/smallschematics/tracksegments/circuit-error.gif" degrees="0" scale="1.0">
        <rotation>0</rotation>
      </unknown>
      <inconsistent url="program:resources/icons/smallschematics/tracksegments/circuit-error.gif" degrees="0" scale="1.0">
        <rotation>0</rotation>
      </inconsistent>
      <iconmaps />
    </sensoricon>
    <sensoricon sensor="S-Alpha-Side" x="300" y="40" level="10" forcecontroloff="false" hidden="no" positionable="true" showtooltip="true" editable="true" momentary="false" icon="yes" class="jmri.jmrit.display.configurexml.SensorIconXml">
      <active url="program:resources/icons/smallschematics/tracksegments/circuit-occupied.gif" degrees="0" scale="1.0">
        <rotation>0</rotation>
      </active>
      <inactive url="program:resources/icons/smallschematics/tracksegments/circuit-empty.gif" degrees="0" scale="1.0">
        <rotation>0</rotation>
      </inactive>
      <unknown url="program:resources/icons/smallschematics/tracksegments/circuit-error.gif" degrees="0" scale="1.0">
        <rotation>0</rotation>
      </unknown>
      <inconsistent url="program:resources/icons/smallschematics/tracksegments/circuit-error.gif" degrees="0" scale="1.0">
        <rotation>0</rotation>
      </inconsistent>
      <iconmaps />
    </sensoricon>
    <layoutturnout ident="TO1" type="LH_TURNOUT" hidden="no" disabled="no" disableWhenOccupied="no" continuing="2" xcen="200.0" ycen="100.0" xa="170.0" ya="100.0" xb="230.0" yb="100.0" xc="230.0" yc="70.0" xd="170.0" yd="100.0" ver="1" class="jmri.jmrit.display.layoutEditor.configurexml.LayoutLHTurnoutXml" turnoutname="T-Alpha-Left" blockname="B-Alpha-Left-TO" connectaname="T1" connectbname="T2" connectcname="T4" />
    <layoutturnout ident="TO2" type="RH_TURNOUT" hidden="no" disabled="no" disableWhenOccupied="no" continuing="2" xcen="400.0" ycen="100.0" xa="430.0" ya="100.0" xb="370.0" yb="100.0" xc="370.0" yc="70.0" xd="430.0" yd="100.0" ver="1" class="jmri.jmrit.display.layoutEditor.configurexml.LayoutRHTurnoutXml" turnoutname="T-Alpha-Right" blockname="B-Alpha-Right-TO" connectaname="T3" connectbname="T2" connectcname="T4" />
    <tracksegment ident="T1" blockname="B-Alpha-Left-Approach" connect1name="EB1" type1="POS_POINT" connect2name="TO1" type2="TURNOUT_A" dashed="no" mainline="yes" hidden="no" class="jmri.jmrit.display.layoutEditor.configurexml.TrackSegmentXml" />
    <tracksegment ident="T2" blockname="B-Alpha-Main" connect1name="TO1" type1="TURNOUT_B" connect2name="TO2" type2="TURNOUT_B" dashed="no" mainline="yes" hidden="no" class="jmri.jmrit.display.layoutEditor.configurexml.TrackSegmentXml" />
    <tracksegment ident="T3" blockname="B-Alpha-Right-Approach" connect1name="TO2" type1="TURNOUT_A" connect2name="EB2" type2="POS_POINT" dashed="no" mainline="yes" hidden="no" class="jmri.jmrit.display.layoutEditor.configurexml.TrackSegmentXml" />
    <tracksegment ident="T4" blockname="B-Alpha-Side" connect1name="TO1" type1="TURNOUT_C" connect2name="TO2" type2="TURNOUT_C" dashed="no" mainline="no" hidden="no" class="jmri.jmrit.display.layoutEditor.configurexml.TrackSegmentXml" />
    <positionablepoint ident="EB1" type="END_BUMPER" x="40.0" y="100.0" connect1name="T1" class="jmri.jmrit.display.layoutEditor.configurexml.PositionablePointXml" />
    <positionablepoint ident="EB2" type="END_BUMPER" x="540.0" y="100.0" connect1name="T3" class="jmri.jmrit.display.layoutEditor.configurexml.PositionablePointXml" />
  </LayoutEditor>
  <filehistory>
    <operation>
      <type>app</type>
      <date>Sat May 30 14:36:41 CDT 2020</date>
      <filename>JMRI program</filename>
    </operation>
    <operation>
      <type>Load OK</type>
      <date>Sat May 30 14:36:52 CDT 2020</date>
      <filename>/Users/das/JMRI/_Profiles/LE_Demo.jmri/Basic%20Panel%20block%20sensors.xml</filename>
      <filehistory>
        <operation>
          <type>app</type>
          <date>Thu May 28 23:53:33 CDT 2020</date>
          <filename>JMRI program</filename>
        </operation>
        <operation>
          <type>Load OK</type>
          <date>Thu May 28 23:53:41 CDT 2020</date>
          <filename>/Users/das/JMRI/_Profiles/LE_Demo.jmri/Basic%20Panel%20block%20sensors.xml</filename>
          <filehistory>
            <operation>
              <type>app</type>
              <date>Thu May 28 23:49:55 CDT 2020</date>
              <filename>JMRI program</filename>
            </operation>
            <operation>
              <type>Load OK</type>
              <date>Thu May 28 23:50:09 CDT 2020</date>
              <filename>/Users/das/JMRI/_Profiles/LE_Demo.jmri/Basic%20Panel%20block%20sensors.xml</filename>
              <filehistory>
                <operation>
                  <type>app</type>
                  <date>Thu May 28 09:24:21 CDT 2020</date>
                  <filename>JMRI program</filename>
                </operation>
                <operation>
                  <type>Store</type>
                  <date>Thu May 28 09:49:22 CDT 2020</date>
                  <filename />
                </operation>
              </filehistory>
            </operation>
            <operation>
              <type>Store</type>
              <date>Thu May 28 23:53:25 CDT 2020</date>
              <filename />
            </operation>
          </filehistory>
        </operation>
        <operation>
          <type>Store</type>
          <date>Thu May 28 23:54:33 CDT 2020</date>
          <filename />
        </operation>
      </filehistory>
    </operation>
    <operation>
      <type>Store</type>
      <date>Sat May 30 15:43:44 CDT 2020</date>
      <filename />
    </operation>
  </filehistory>
  <!--Written by JMRI version 4.19.7ish+jenkins+20200530T1016Z+R7d2e854009 on Sat May 30 15:43:44 CDT 2020-->
</layout-config>
